"","Participant","Gender","Instrument","Age","DFS_Flow","DFS_Balance","DFS_Merging","DFS_Goals","DFS_Feedback","DFS_Concentration","DFS_Control","DFS_Consciousness","DFS_Time","DFS_Autotelic","F1_Flow","F1_Balance","F1_Merging","F1_Goals","F1_Feedback","F1_Concentration","F1_Control","F1_Consciousness","F1_Time","F1_Autotelic","F2_Flow","F2_Balance","F2_Merging","F2_Goals","F2_Feedback","F2_Concentration","F2_Control","F2_Consciousness","F2_Time","F2_Autotelic","F3_Flow","F3_Balance","F3_Merging","F3_Goals","F3_Feedback","F3_Concentration","F3_Control","F3_Consciousness","F3_Time","F3_Autotelic","Flow_average","NF1_Flow","NF1_Balance","NF1_Merging","NF1_Goals","NF1_Feedback","NF1_Concentration","NF1_Control","NF1_Consciousness","NF1_Time","NF1_Autotelic","NF2_Flow","NF2_Balance","NF2_Merging","NF2_Goals","NF2_Feedback","NF2_Concentration","NF2_Control","NF2_Consciousness","NF2_Time","NF2_Autotelic","NF3_Flow","NF3_Balance","NF3_Merging","NF3_Goals","NF3_Feedback","NF3_Concentration","NF3_Control","NF3_Consciousness","NF3_Time","NF3_Autotelic","NF_average","GMSI_F1","GMSI_F2","GMSI_F3","GMSI_F4","GMSI_F5","GMSI_FG","tot_tei","well_being","self_control","emotionality","sociability","Extrav","Agree","Consc","Emot","Open","Age_start_musical_education","Hours_practice","Age_start_main_instrument","Years_played","Prize_won","Number_prizes","Music_perf_degree","Undergrad_Postgrad","Music_perf_degree_past","Flow_liking","Flow_familiarity","Non_liking","Non_familiarity","Comments","Q8a","GoldMSI_hours","delta","theta","alpha_lower","alpha_upper","beta","gamma_lower","gamma_upper","DF_tw1","DF_tw2","DNF_tw1","DNF_tw2","A2F_tw1","A2F_tw2","A2NF_tw1","A2NF_tw2","BF_tw1","BF_tw2","BNF_tw1","BNF_tw2","GF_tw1","GF_tw2","GNF_tw1","GNF_tw2","Flow_NF_Difference","RFlow_NF","NFlow_NF","DF_60s_1","DNF_60s_1","A2F_60s_1","A2NF_60s_1","BF_60s_1","BNF_60s_1","GF_60s_1","GNF_60s_1","DF_DNF","AF_ANF","BF_BNF","GF_GNF","logA2F_tw1","logA2F_tw2","logA2NF_tw1","logA2NF_tw2","logBF_tw1","logBF_tw2","logBNF_tw1","logBNF_tw2","logGF_tw1","logGF_tw2","logGNF_tw1","logGNF_tw2","logA2F_60s_1","logA2NF_60s_1","logA2F_A2NF_60s_1","RDFS_Flo","NDFS_Flo","FminusNFA2t1","FminusNFA2t2","FminusNFDt1","FminusNFDt2","FminusNFBt1","FminusNFBt2","FminusNFGt1","FminusNFGt2","FminusNFlogGt2","FminusNFlogBt2","logDF_tw1","logDF_tw2","logDNF_tw1","logDNF_tw2","FminusNFlogDt1","RFlow_av","NFlow_av","RNF_aver","NNF_aver","FMTheta_rel","flow_right_cluster","nonflow_right_cluster"
"1","AT",2,"Trombone",21,3.555555556,4,3.25,4,4,3.25,3.25,2.5,3.75,4,3.722222222,4,4,4,4,3.5,3.5,4,3.25,3.25,4.194444444,5,4,4.25,4.5,4.25,3.5,4.25,4,4,3.972222222,4.5,4,4,4,4,3.5,4,4,3.75,3.96296296266667,3.305555556,3.75,3,4,4,2.5,3,3.5,3.75,2.25,3.444444444,4,2.75,3.25,4,3,3.25,4,4,2.75,3.555555556,4,3.5,3.25,4,3.25,3.25,4,4,2.75,3.43518518533333,60,63,36,42,47,114,4.86666666666667,5,5.33333333333333,3.875,5,4.5,4.5,4,5,3.5,8,2,10,11,2,0,2,1,2,10,9,7,8,"",3.5,6,0.107867782730543,0.022800619109848,-0.070067663176631,-0.155490377981302,-0.013322487129121,0.003877879392853,-0.029707969002812,11.3356415416172,11.89900167911,12.392951094173,9.24286110456405,2.4514321187021,2.59131534928346,1.98908187554003,3.46721407183478,0.12236291873226,0.122362052202398,0.115007700308828,0.173582994390666,0.107938919661548,0.131004920069868,0.139759903688181,0.0791390841241407,0.527777777333334,27,2,12.1897671370201,11.8014017241127,2.24007630837372,2.29807223054573,0.110998996277057,0.121533126927427,0.132769645997558,0.121978354236874,0.388365412907399,-0.0579959221720099,-0.01053413065037,0.010791291760684,0.38941987193208,0.413520267528483,0.298652660129663,0.539980656581821,-0.912350172303601,-0.91235324783068,-0.939273080605733,-0.760492824113746,-0.96682193301322,-0.882712393511646,-0.854617407307509,-1.10160898012677,0.350262812861466,0.361363674845933,-0.0111008619844671,29,2,0.46235024316207,-0.87589872255132,-1.0573095525558,2.65614057454595,0.00735521842343201,-0.051220942188268,-0.031820984026633,0.0518658359457273,0.218896586615123,-0.151860423716934,1.05444610409199,1.07551052580924,1.09317473585999,0.965806426803278,-0.0387286317679993,26,2,19,1,2.9207256996651,0.067721949,0.020998926
"2","CBC",1,"Recorder",18,3.805555556,4,3.75,4,4,3.25,4,4,3.25,4,3.472222222,2.75,3.25,4,4,3.75,4,2.75,3,3.75,3.527777778,3,3.75,3.75,4,3.5,4,3,2.75,4,3.583333333,2.75,4,3.75,4,4,4,3,2.75,4,3.52777777766667,2.805555556,3.5,4,2,4.5,2.25,3.5,3,1.25,1.25,2.805555556,3,3.5,2.25,4,2.25,4,3,1.5,1.75,2.944444444,2.75,3.75,2.25,4,3,4.25,3,1.75,1.75,2.851851852,53,62,43,38,40,110,4.23333333333333,5.33333333333333,3,4.5,3.33333333333333,5,3,2.5,3,5,5,0.5,5,13,1,40,2,0,2,8,9,2,9,"",7,5,0.008553777616973,-0.078358948518748,-0.030716180836288,-0.150130372526594,0.074177987557559,0.196704369405841,0.022324161940688,11.2914039352367,11.8554099711468,11.423549397984,11.3391891737377,1.39178359053897,1.43733418342334,1.22390350630075,1.41538625545597,0.197705269346187,0.141947553915403,0.169524380904317,0.175885892843453,0.128277594182862,0.0579787737761151,0.0877409917688238,0.0665913726752739,0.675925925666666,24.5,2,11.7132060129743,11.5326478442613,1.4007196131455,1.28981875174771,0.162811072710911,0.16560410410301,0.0893391769857762,0.0761518668614921,0.180558168713,0.11090086139779,-0.00279303139209899,0.0131873101242841,0.143571711753487,0.157557754316132,0.0877471789753428,0.15087497393943,-0.703981755484125,-0.847872086971839,-0.77076783297266,-0.754768992298852,-0.891849193761568,-1.23673097400859,-1.05679746091246,-1.17658203272493,0.14635120976793,0.110528686542522,0.0358225232254084,17,1,0.16788008423822,0.02194792796737,-0.132145462747301,0.516220797409099,0.02818088844187,-0.03393833892805,0.0405366024140382,-0.0086125988991588,-0.06014894128366,-0.0931030946729867,1.05274794399931,1.07391657688259,1.05780106401993,1.05458200076842,-0.00505312002062075,39,2,39,2,2.46256376417702,0.010753686,-0.062105226
"3","CC",1,"Voice",26,3.638888889,3.75,3.5,4,3.75,3.75,4,2.75,3.25,4,3.472222222,3.75,3.75,3.25,3.75,3.5,4,4,2.5,2.75,3.694444444,4,3.5,3.5,3.75,4,3.5,4,3.5,3.5,3.861111111,4,3.25,4,3.75,4,4,4,3.75,4,3.67592592566667,3.333333333,2,4,4,3.75,3.5,4,4,2.75,2,3.305555556,2,4,3.75,3.5,3,4,4,3,2.5,3.361111111,2,4,4,3.75,3.25,4,4,3,2.25,3.33333333333333,47,56,34,34,43,105,5.56666666666667,5.16666666666667,5.5,6,5,5.5,6,6.5,6,6,20,0.5,14,12,1,1,2,0,1,8,7,4,7,"",3.5,2,-0.0261294968022959,-0.039868350641107,-0.0151790136470001,0.0306318197948957,0.0707451506379655,0.114012720176897,0.0591140414609603,8.82951220615943,9.73350723359608,10.3485667017321,10.6408771185122,2.09386292462982,1.84905758636518,2.46591116122222,2.14929782816892,0.349748019324287,0.290902542056164,0.262306348176807,0.224136479912269,0.127859279669145,0.0885789949304094,0.13960194754553,0.10936903814508,0.342592592333333,34,2,9.32946745569929,10.6417168716484,1.95769140602863,2.27243297100465,0.318934818953391,0.237622767769097,0.106196782141348,0.1230317385873,-1.31224941594911,-0.31474156497602,0.081312051184294,-0.016834956445952,0.320948247053692,0.266950436876417,0.391977426320558,0.332296599841479,-0.456244736304236,-0.536252483647609,-0.581191198754687,-0.649487452990853,-0.893267746614157,-1.05266925178499,-0.855108522956575,-0.96110560730689,0.291744234340815,0.356491081882066,-0.064746847541251,25,2,-0.3720482365924,-0.30024024180374,-1.51905449557267,-0.90736988491612,0.08744167114748,0.066766062143895,-0.011742667876385,-0.0207900432146706,-0.0915636444780963,0.113234969343244,0.94593671127576,0.988269355966754,1.01488020325829,1.02697742796181,-0.0689434919825265,35,2,21,1,1.68931817968621,-0.038798167,0.125920364
"4","CC01",1,"Viola",18,3.555555556,4,4,3.25,3.25,3,3.25,3.25,4,4,3.5,4,4,3.75,3.75,2,3.5,3.5,3,4,3.361111111,3.75,4.25,3,3.5,2,2.25,4,4,3.5,3.722222222,4,4,3,3.25,3.5,3.5,4,4,4.25,3.52777777766667,2.916666667,3.5,2.75,3.25,3.5,2,3,2.25,3.5,2.5,3.166666667,4,2,3.5,3.5,3,3.75,2.75,2.75,3.25,2.972222222,2.75,2.75,3.5,3.75,2.75,3,2.75,3.5,2,3.01851851866667,43,50,35,32,34,90,4.93333333333333,5.5,4.83333333333333,4.75,4.5,6,5.5,5,6,5.5,5,0.429,8,10,2,0,2,0,2,9,7,8,5,"",3,4,-0.0592962170080512,-0.00123174659370566,0.177510583314962,0.087197876359002,0.000981475158667866,-0.0946200815795844,-0.174012746453823,8.92966238879343,6.83347825260214,8.82324766749475,7.47635516231991,4.97084314321222,3.98207959491678,4.91088287687743,4.25784066497773,0.202306913078146,0.287205214146817,0.211502206408029,0.249468229581048,0.122335535395174,0.120548696394568,0.129264910679874,0.162127069586487,0.509259259,29,2,8.18497981687701,8.32102927302827,4.5212683859503,4.55036083404564,0.234072265400064,0.228054053985731,0.120487357272815,0.144549029855156,-0.136049456151259,-0.0290924480953398,0.00601821141433301,-0.024061672582341,0.696430059032747,0.600109936577295,0.691159576458544,0.629189405431171,-0.69398927659452,-0.54180767983839,-0.67468509767034,-0.602984755035335,-0.912447373017718,-0.918837481692225,-0.888519349568679,-0.790144467011152,0.655260287852181,0.658045836661821,-0.00278554880963999,29,2,0.05996026633479,-0.27576107006095,0.10641472129868,-0.642876909717771,-0.009195293329883,0.037736984565769,-0.0069293752847,-0.041578373191919,-0.128693014681073,0.061177075196945,0.95083503946461,0.834641816624588,0.945628469991403,0.873689924243977,0.00520656947320708,39,2,34,2,2.09667144986404,0.19097878,-0.056814226
"5","CG",1,"Cello",27,3.888888889,4,4,4,4,4,4,4,3.25,3.75,4.027777778,4,4.5,4,4.25,4,4,4.75,3,3.75,4.722222222,4.5,5,4.75,5,5,5,5,4,4.25,4.694444444,5,5,5,4.75,5,4.5,5,4,4,4.48148148133333,3.472222222,3.472222222,4,3.25,3.75,4,2.75,3.5,5,2,3.666666667,4,3.75,4,4,3.75,3.5,5,2.25,2.75,3.944444444,4,4,4,4,4,4,5,3,3.5,3.69444444433333,42,57,45,37,42,106,4.93333333333333,5.83333333333333,5,4.75,4.33333333333333,4.5,5.5,4.5,5.5,5.5,4,3,10,17,2,0,2,0,1,10,10,10,8,"",21,6,0.0752958074448249,0.0246389782374143,-0.00454409854140989,-0.081188169272665,-0.0593822735066069,-0.0614171200339527,-0.131830121318114,13.5069414343274,13.5006463160031,13.4665420541911,13.4553908334638,1.56104229333648,1.14532760730815,2.21041228836807,2.53022841176772,0.0904116095230335,0.0881938300050429,0.10377379732934,0.0970086640490608,0.112835102740936,0.0939032257159797,0.10082973080985,0.0905824851131291,0.787037037,21,1,13.5308279462962,13.4736152201344,1.31854014446109,2.36088391590127,0.0868523702579391,0.100025339551209,0.102194675015973,0.0959889981548166,0.057212726161799,-1.04234377144018,-0.0131729692932699,0.0062056768611564,0.193414669567115,0.0589297292049468,0.344473286293005,0.40315972808994,-1.04377579930268,-1.05456179682388,-0.983912291110202,-1.01318947624238,-0.947555771318001,-1.02731948881389,-0.996411392266903,-1.04295576870369,0.120093356922415,0.373074633447666,-0.252981276525251,14.5,1,-0.64936999503159,-1.38490080445957,0.0403993801363001,0.0452554825393001,-0.0133621878063065,-0.00881483404401791,0.012005371931086,0.00332074060285061,0.0156362798898046,-0.0413723205814998,1.1305570167809,1.13035455995833,1.12925609167107,1.12889631706458,0.00130092510982993,8,1,9,1,1.52817895283989,-0.038804395,0.002969052
"6","CG01",1,"Violin",33,3.472222222,4,4,3.75,4.25,3.75,3.5,3,1.5,3.5,3.166666667,3.25,3.5,3.5,4,2.75,3.75,3,1.75,3,3.805555556,4,4,4,4,4,3.75,4,3,3.5,4,4,4,4,4,4,4,4,3.75,4.25,3.65740740766667,3.916666667,4,4,4,4,4.25,4,4,3.25,3.75,3.611111111,3.75,3.5,4,4.25,4,3.25,3.75,3,3,3.055555556,3.5,3.5,3.75,4,1.5,2.75,3,2.75,2.75,3.527777778,44,52,38,39,36,95,5.6,5.66666666666667,5,6.125,5.5,5,7,6,5,6,9,1,9,24,2,0,2,0,1,8,8,9,8,"",7,7,0.0329163071310656,-0.114933315768068,-0.070789249368661,-0.0387172662523224,-0.238294992264629,-0.148030743639304,0.235390950361991,9.19448135874982,10.7375523646017,10.9927796332738,11.860448641476,1.71787288129564,0.812603058195001,2.07030363477364,1.06733267330232,0.499781773163648,0.400103391635084,0.390893967779587,0.321113628681647,0.20155360280254,0.244711057829875,0.173419291586764,0.227248871164245,0.129629629666667,39,2,10.0036785386559,11.4696412409347,1.24557174786091,1.54461552563939,0.447955650931218,0.356020236123178,0.22599242044329,0.20084591996485,-1.4659627022788,-0.29904377777848,0.09193541480804,0.02514650047844,0.234991023875669,-0.0901215475588143,0.316034044604891,0.0282998042990505,-0.301219586462453,-0.397827767135978,-0.407941031487049,-0.493341261747016,-0.695609434358968,-0.611346405613506,-0.760902592190523,-0.643498265414497,0.0953687489762013,0.188820395817404,-0.0934516468412026,32,2,-0.352430753478,-0.254729615107319,-1.79829827452398,-1.1228962768743,0.108887805384061,0.078989762953437,0.028134311215776,0.01746218666563,0.0321518598009904,0.0955134946110383,0.963527236631664,1.03090529479991,1.04110752197363,1.0741011172603,-0.0775802853419649,37,2,12,1,0.605235960639363,0.041630167,-0.007376686
"7","CP",2,"Jazz Piano",22,4.277777778,4,4,4,5,4,4,5,4,4.5,3.75,3.5,4.25,3,3,4,3.5,5,3.75,3.75,3.972222222,3.25,4.75,2.75,3.5,4.25,3,5,4.75,4.5,3.583333333,3,4.25,2,3.25,4,2.25,5,4.25,4.25,3.76851851833333,3.194444444,2,2,2.75,3,4.75,2,5,3.75,3.5,2.944444444,2,1.75,2.75,4,4.25,2,4,3.75,2,3.083333333,2,2,3,3.5,4.25,2,4.25,4,2.75,3.07407407366667,49,56,47,31,39,108,5.56666666666667,6.33333333333333,5.16666666666667,4.875,5.66666666666667,5.5,5,5,6.5,6.5,5,3,5,17,1,2,1,2,1,8,8,8,5,"",8,7,0.0368118700509415,0.0145492006838644,0.0808850815178805,-0.0177636329558865,-0.106249056083042,-0.282309247715811,-0.448170347501118,14.1923592883956,13.1713955789798,14.7135741715929,14.0259109056788,1.45670289674502,1.35506722353384,0.908821153314454,1.48077523957709,0.0794121855565893,0.114776789239518,0.0667028501203298,0.086714411891766,0.123528992662014,0.114835012935822,0.365205909230439,0.176822715936295,0.694444444666666,23,2,13.9276594662644,14.6061650843889,1.33430119277062,1.09234568989787,0.0856690752696735,0.0697419698461658,0.119372165607192,0.291866731775298,-0.6785056181245,0.24195550287275,0.0159271054235077,-0.172494566168106,0.163370983848542,0.131960840661071,-0.041521573071407,0.170489143856042,-1.10011285130168,-0.940145928352465,-1.17585560888574,-1.06190871699995,-0.908231100093411,-0.939925676341695,-0.437462203959728,-0.752461943100853,0.125253874253432,0.0383600994098369,0.0868937748435955,7.5,1,0.547881743430566,-0.12570801604325,-0.521214883197299,-0.854515326699,0.0127093354362595,0.028062377347752,-0.241676916568425,-0.061987703000473,-0.187463733240842,0.121762788647482,1.15205459706153,1.11963179319561,1.16771818288743,1.14693107587925,-0.015663585825896,32,2,33,2,1.72388456460674,0.060225687,-0.080758408
"8","DB",2,"Trumpet",24,3.916666667,4,3.75,4.75,4.25,4,3.25,3,3.75,4.5,4.083333333,4,3.5,4,4,4,3.75,4.25,5,4.25,4.138888889,4,4,4.5,4,3.75,3.25,4.5,5,4.25,3.861111111,3.75,3.5,4.75,4,2.75,3,4.5,4.5,4,4.02777777766667,3.444444444,3.25,3.25,3.5,4,3,3.5,4,4,2.5,3.25,2.75,3.5,4,4,2.25,3,3,4,2.75,3,2.75,2.25,4,4,3.5,2.75,2.25,3,2.5,3.23148148133333,59,51,45,36,39,114,6,6.33333333333333,5.66666666666667,5.875,5.5,5.5,4,5.5,6.5,7,10,5,11,13,1,2,2,0,1,7,9,3,7,"",3,7,-0.0722138298685083,0.000648435593432839,0.366728711886751,0.271590111458741,0.0533828171129245,0.192074548519883,0.232050729473347,7.51734060188407,6.90925446302688,9.44326469991765,8.77586968892599,4.03202375091967,2.7057943804352,3.10017968901351,2.84025348340686,0.21004344440909,0.185454438566144,0.169104534608315,0.170914009995995,0.297206306599432,0.206270594659829,0.272834078832789,0.194253518410799,0.796296296333333,20,1,7.30535550146017,10.020872711655,3.32563274269551,2.78706389431565,0.197221105724577,0.152702466222402,0.250696624510029,0.236928523397972,-2.71551721019483,0.53856884837986,0.044518639502175,0.013768101112057,0.605523081687214,0.432294790474718,0.491386866636018,0.453357101149953,-0.677690868524402,-0.731762768041944,-0.771844746459242,-0.767222336257786,-0.526941979257784,-0.685562679381186,-0.564101384291711,-0.711631106310539,0.521874287388819,0.445146925164913,0.0767273622239063,12,1,0.93184406190616,-0.13445910297166,-1.92592409803358,-1.86661522589911,0.040938909800775,0.014540428570149,0.024372227766643,0.01201707624903,0.0260684269293536,0.0354595682158425,0.876064228065392,0.839431187741552,0.975122163370628,0.94329016586559,-0.099057935305236,22,1,30,2,2.29746418210892,0.280092315,0.105250006
"9","DG",1,"Guitar/Voice",23,3.666666667,3,3.5,4,4,3.75,3.75,3,4,4,3.5,3.5,3.75,4,4,4,3.75,2.5,2.75,3.25,4,4,4,4,4,4,4,4,4,4,4,4,4,4,4,4,4,4,4,4,3.83333333333333,3.388888889,3.25,4,3.5,3.75,3.75,4,3.5,2.75,2,3.555555556,4,4,4,4,4,4,4,2,2,3.5,4,4,4,4,4,4,3.5,2,2,3.48148148166667,38,41,39,28,32,88,5.5,6.66666666666667,5.83333333333333,5,4.16666666666667,3.5,6.5,7,7,5.5,7,0.36,13,10,2,0,2,0,2,10,9,6,9,"",2.5,5,0.0444118317413088,-0.0831880058023512,-0.0266586581989926,0.0213995249699917,0.0224718233875858,0.0114257032222127,0.00620030909856979,13.5029412840147,7.36815549524156,8.06968193302637,8.73778355414265,1.01468546193508,1.75918966189198,1.6177473834267,1.23573390944403,0.11701082132841,0.256221520751275,0.308188165373726,0.307357784014463,0.265136324943649,0.193788326525539,0.32519479646056,0.230604766927922,0.351851851666667,33,2,12.771406245609,8.39713687285066,1.14934057612202,1.44014425819517,0.136719559885537,0.301406447387524,0.245854133254808,0.286976862340711,4.37426937275834,-0.29080368207315,-0.164686887501987,-0.041122729085903,0.00633143799689939,0.245312664171937,0.208910706059218,0.0919249641984311,-0.931773972220558,-0.591384395469546,-0.511184042488362,-0.512355783643756,-0.576530767771025,-0.712672387647667,-0.487856412298589,-0.637131719465021,0.0604487392310834,0.158405997234276,-0.0979572580031924,24,2,-0.60306192149162,0.52345575244795,5.43325935098833,-1.36962805890109,-0.191177344045316,-0.051136263263188,-0.060058471516911,-0.036816440402383,-0.075540668182646,-0.0790286118257906,1.1304283791827,0.867358782499975,0.906856417317637,0.941401282487794,0.223571961865066,29,2,14,1,2.01274731632627,0.069690126,-0.106540859
"10","EB",1,"Violin",22,3.527777778,3.75,4,3.25,3,3.5,3,3,4,4.25,3.472222222,3.25,3.75,4,3,3.25,3,3.25,4,3.75,3.972222222,4,4.5,4,3.75,4,3,4,4.5,4,4.027777778,3.75,4,4,3.75,4,4,4,4.75,4,3.824074074,3.472222222,4,3.5,3.75,4,3.5,3.5,3.75,2.25,3,3.444444444,4,3.25,3.75,4,3.5,3.75,3.5,2.25,3,3.027777778,3.25,3.5,3,3,3,3,3.25,2.25,3,3.31481481466667,46,58,42,39,43,105,5.4,6,4,5.75,5,5,4.5,6,3,6,5,0.86,5,17,2,0,2,0,2,8,6,6,5,"",6,6,0.0488188240859505,-0.103023416750836,-0.0919511356095529,-0.120832454345301,-0.074021610287614,-0.0622437753997789,-0.0547823926877373,12.49099703556,12.3603593139154,14.3860659828569,13.9842262328792,0.236297107781637,0.400012513326223,0.17680672484306,0.271563561099599,0.167819024588324,0.154193352611137,0.0632086544522917,0.0937416798650875,0.365500015492428,0.108334107099306,0.195995466795571,0.111638196214222,0.509259259333333,28,2,12.6972058061581,14.4158934158691,0.276354295622388,0.199768636841549,0.155848347401876,0.0659896830885566,0.30094915801364,0.164797934477574,-1.718687609711,0.076585658780839,0.0898586643133194,0.136151223536066,-0.626541593992525,-0.397926422713221,-0.752501220619947,-0.566128504918235,-0.775158807479959,-0.8119343486361,-1.1992234545728,-1.02806726812325,-0.437112600297705,-0.965234791823014,-0.707753973380444,-0.95218718920722,-0.558533780401546,-0.699472693866859,0.140938913465313,31,2,0.059490382938577,0.128448952226624,-1.8950689472969,-1.6238669189638,0.104610370136032,0.0604516727460495,0.169504548696857,-0.00330408911491599,-0.0130476026157943,0.216132919487145,1.09659710528848,1.09203109581611,1.15794204789615,1.14563844124115,-0.0613449426076775,31,2,24,2,0.525559965513934,0.098307965,-0.048712441
"11","EB01",1,"Piano",26,3.444444444,3.25,3.75,4,4,3,4,2.75,3,3.25,2.722222222,2.5,2,3.75,3.5,2.75,3,3,2,2,3.611111111,2.5,3.75,4,4,3.5,4,3.25,3.5,4,3.666666667,2.75,4,4,4,3.25,4,3,4,4,3.33333333333333,3.416666667,3,3.75,4,4,3.25,4,3,3,2.75,3.555555556,3,4,4,4,3.75,4,3,3.25,3,3.305555556,3,3.75,4,4,2,4,4,2.5,2.5,3.42592592633333,33,51,37,29,29,78,5.16666666666667,5.66666666666667,5.16666666666667,4.75,5.5,2.5,4,7,5,4,6,0,6,20,1,NA,2,0,2,9,9,6,9,"",0,6,0.0625082247038511,-0.098516783215235,-0.0646025867671627,-0.134546235166916,-0.0467173975630511,-0.0248315862790613,-0.0733899646494795,12.3686674564679,11.913855822792,12.493552771036,11.6588687222465,2.01737602805413,1.52208388527071,1.63104028292067,1.80842569010983,0.253614176189537,0.299942243908701,0.260812486355201,0.294414852980299,0.320622682175393,0.331367548245844,0.42700773244282,0.37716421396071,-0.0925925929999996,43,2,12.230747812803,12.2173300604447,1.78923529944074,1.67555277879654,0.269257819648337,0.271822768908984,0.329359890829429,0.413773071269499,0.0134177523582988,0.1136825206442,-0.00256494926064699,-0.08441318044007,0.304786855916404,0.18243858798401,0.212464687241454,0.257300667900904,-0.595826474493699,-0.522962363835556,-0.583671620664987,-0.531040283992595,-0.494005757106137,-0.479690025511882,-0.369564260509302,-0.423469520644893,0.252667457688134,0.224158112373671,0.0285093453144637,33.5,2,0.38633574513346,-0.28634180483912,-0.1248853145681,0.254987100545499,-0.00719831016566397,0.00552739092840199,-0.106385050267427,-0.045796665714866,-0.0562205048669894,0.00807792015703979,1.09232291325274,1.07605234011865,1.09668595554409,1.06665641221363,-0.00436304229135143,43,2,20,1,1.05943950962128,0.093465006,0.062509695
"12","EO",1,"Violin",20,3.416666667,3.5,3.25,4,3,3.75,3.5,3.25,2.75,3.75,4.416666667,4.75,4,4.5,4.75,4.75,4,4.75,3.75,4.5,4.75,5,4,5,5,5,4.75,5,4,5,4.861111111,5,4.5,5,5,5,5,5,4.25,5,4.675925926,3.777777778,3,4,4,4,3.75,3.5,5,2.75,4,3.833333333,3,4,4,4,4,3.5,5,3,4,3.805555556,3.5,4,4,4,3.75,4,4.75,2.25,4,3.80555555566667,48,58,47,39,41,112,5.53333333333333,6.33333333333333,5,5.875,5,5.5,4.5,3.5,5,5,5,1,6,14,1,3,1,1,3,9,9,6,6,"",7,7,0.0368638023128136,0.0445991396339855,0.0201388842084484,-0.00783706115084932,-0.0454698803200436,-0.193099662552055,-0.224610430475245,12.3965012445589,9.80635999846747,14.4194725561278,9.2401830700521,1.51683830939671,3.19178451090409,0.686153195043748,2.08586670652747,0.111459229656623,0.179449069442198,0.06615517144027,0.153544035886412,0.082584374220842,0.163903590814462,0.245392753631266,0.118179359044305,0.870370370333334,15.5,1,12.0658801134405,13.8957633974686,1.83222002917504,0.945691464568774,0.120062604284013,0.0758396571658234,0.120505286806468,0.234609356882767,-1.8298832840281,0.886528564606266,0.0442229471181896,-0.114104070076299,0.180939288710694,0.504033562852767,-0.163578910044788,0.319286552187738,-0.952883962868137,-0.746058789418601,-1.17943620075559,-0.813767048201214,-1.08310211771146,-0.785411531763096,-0.610138265995406,-0.92745836978262,0.2629776263835,-0.0242505307135387,0.287228157097038,35.5,2,0.830685114352962,1.10591780437662,-2.0229713115689,0.56617692841537,0.045304058216353,0.025905033555786,-0.162808379410424,0.045724231770157,0.142046838019524,0.0677082587826131,1.09329912834047,0.991507832462893,1.15894937479724,0.965680575714243,-0.0656502464567648,1,1,7,1,2.90388156434908,-0.054642833,0.039059612
"13","ES",2,"Horn",20,3.694444444,4,3.5,5,5,3.25,4,2,2,4.5,4.083333333,5,4.75,5,5,3,5,3,2,4,4.222222222,5,5,5,5,4,5,3,2,4,4.444444444,5,5,5,5,5,5,4,2,4,4.24999999966667,3.222222222,4,2.5,4,4,3.75,4.25,2.5,1.25,2.75,3.194444444,4,3,4,4,3,5,2,1,2.75,3.388888889,4.25,2.75,4.5,4,3,5,3,1,3,3.26851851833333,44,62,46,38,37,103,5.4,4.16666666666667,5,6,5.33333333333333,4.5,5,7,4.5,5.5,5,3,10,10,1,5,1,1,3,9,9,7,8,"",21,6,0.120969815583073,0.0475556778144577,-0.0823395497507589,-0.340468660949945,-0.165779167393297,-0.089530280872379,-0.088168727764529,9.63725001613409,9.20574034412828,11.5664237601871,13.1559603175449,1.80746081274787,2.18981628937681,2.09697279915237,1.21871380249467,0.568393293167862,0.571753785017174,0.322201568269082,0.216358139294405,0.119642591565425,0.115293387293884,0.101575960470149,0.081792305186889,0.981481481333333,10,1,9.61506849234093,12.5323953727564,1.97622276588789,1.61234488225415,0.557072691202971,0.260717889384351,0.116733907218449,0.0904644264118146,-2.91732688041547,0.36387788363374,0.29635480181862,0.0262694808066344,0.257068890203442,0.340407682028925,0.321592797058264,0.0859017297443124,-0.245351055229742,-0.242790951676821,-0.491872350046686,-0.664826762197838,-0.922114188332346,-0.938195601153987,-0.993209062430902,-1.08728755173287,0.29583589801624,0.207457943448999,0.0883779545672403,22.5,2,-0.2895119864045,0.97110248688214,-1.92917374405301,-3.95021997341662,0.24619172489878,0.355395645722769,0.018066631095276,0.033501082106995,0.149091950578885,0.422035810521017,0.983953125894646,0.964058721079071,1.06319909954803,1.11912255484579,-0.079245973653388,14,1,29,2,2.0947608634968,0.300300109,0.083182942
"14","GH",1,"Violin",22,3.916666667,3.25,3.75,4,5,4.25,4,3,4,4,3.527777778,4,2.75,4,4,3.75,3.25,2.75,3.25,4,4.305555556,4.5,4,4.75,4.25,4.75,4.5,3.75,3.5,4.75,3.638888889,3.75,3.5,4,4.25,4.5,3.25,2.75,4,2.75,3.82407407433333,3.777777778,4,4.25,4,4.75,4.25,3.75,3.75,2.25,3,3.333333333,4,4,2.75,3.75,3.25,3.5,4,2.25,2.5,3.277777778,4,3.25,2.5,3.5,3.5,3,4,3.25,2.5,3.462962963,44,54,46,39,38,105,5.26666666666667,6.16666666666667,3.66666666666667,5.875,4.83333333333333,5.5,5,6,4,5,3,2.5,6,14,1,NA,1,2,1,8,9,7,9,"",5,6,-0.119865574688085,0.055388562703079,0.0838763228850617,0.05742983596113,0.0827444449839859,-0.0128739658670075,0.0382345314073342,5.38503675604303,6.28390458081291,8.88334116246749,11.2283901783212,1.88552577955251,2.10039129855402,1.56146582204853,1.45014315814625,0.771557559703113,0.669339175738361,0.52338980358102,0.368624172664799,0.156647883876147,0.159178343957377,0.131350891322622,0.0915782520482522,0.361111111333333,32,2,5.83748542906472,11.5399596308954,1.95507356008584,1.36571445472815,0.724990785468311,0.354785572736879,0.162658068814081,0.110660155225207,-5.70247420183068,0.58935910535769,0.370205212731432,0.051997913588874,0.275432474604733,0.322300210434958,0.193532482669213,0.161410877906703,-0.112631669174424,-0.174353755440121,-0.281174742322107,-0.433416189163823,-0.805075467536951,-0.798116017876986,-0.881566975826651,-1.03820765009685,0.291163102467619,0.135359906007919,0.1558031964597,12,1,0.32405995750398,0.65024814040777,-3.49830440642446,-4.94448559750829,0.248167756122093,0.300715003073562,0.025296992553525,0.0676000919091248,0.240091632219863,0.259062433723703,0.731188671959383,0.798229581787884,0.948576341398831,1.05031749563925,-0.217387669439448,30,2,16,1,1.00942020403384,0.049013499,0.010544311
"15","JB",1,"Piano",30,4.861111111,4.75,4.5,5,5,5,5,4.75,4.75,5,3.777777778,4.5,3.75,3.25,4,4,2.25,5,3.25,4,4.944444444,5,5,5,5,5,5,5,4.5,5,4.361111111,5,5,3.25,4.5,5,3.5,4,4,5,4.361111111,3.611111111,5,4.75,3.75,4.5,2.25,3.5,5,2.5,1.25,4.083333333,5,2.75,5,5,4.25,4.75,4,3,3,4.583333333,5,4.75,5,5,5,5,4.25,3.5,3.75,4.09259259233333,55,63,45,42,38,110,5.03333333333333,5.5,3.5,5,5.16666666666667,6.5,3,4.5,2,6.5,7,7,7,23,1,13,1,2,1,10,10,5,2,"",5,7,0.0459744544031019,-0.0797962746175215,-0.0876770367289566,-0.148849061247772,-0.0597324957032732,-0.0662824417299174,-0.145595875994281,9.35235091318764,8.59076192609182,12.7285851825561,11.2691814307745,1.19211935524234,2.06872501860595,0.826116936650845,0.587550782047703,0.299183965200235,0.324105625220682,0.132846120440284,0.212003397847803,0.48040514033979,0.371807605479652,0.252557813586173,0.623720455147474,0.268518518666666,36,2,9.28872245161042,12.4383717733824,1.3893441099547,0.60579130989262,0.300615718923245,0.153443415348292,0.534473799001378,0.501314374447629,-3.14964932177198,0.78355280006208,0.147172303574953,0.033159424553749,0.0763197392365717,0.315702766722408,-0.0829584740504089,-0.230954591337095,-0.524061686247638,-0.489313431229126,-0.876651123948311,-0.67365717843575,-0.318392354288985,-0.429681730798487,-0.597639190822722,-0.205010012864047,0.14280982424434,-0.217676960935074,0.360486785179415,1.5,1,0.366002418591495,1.48117423655825,-3.37623426936846,-2.67841950468268,0.166337844759951,0.112102227372879,0.227847326753617,-0.251912849667822,-0.22467171793444,0.184343747206624,0.970920793791279,0.934031683694207,1.10478013330359,1.05189237096991,-0.133859339512314,9,1,2,1,1.78912289700587,0.056535133,0.019968497
"16","JB01",1,"Clarinet",24,3.444444444,3.75,3.5,3.5,4,3.75,3.5,2,3.25,3.75,3.638888889,3.75,4.25,4.25,3.25,3,3.75,4,3.25,3.25,4.444444444,4.75,4.5,4.5,4.75,4.25,4.25,4.75,3.25,5,3.833333333,3.5,3.75,4,3.75,4,3.5,4,4,4,3.972222222,2.694444444,2.5,2.25,3.25,3.25,2.75,2.25,2.75,2.75,2.5,2.777777778,2,2.25,3.75,3.5,3,2.25,3.5,2.75,2,3.472222222,3.5,3.25,4,4,3.75,3.25,3,3,3.5,2.98148148133333,41,60,45,41,44,105,4.5,5.83333333333333,2.16666666666667,5.75,2.83333333333333,6,6,5,2,4.5,7,2.5,8,16,1,5,2,0,1,9,10,10,8,"",17.5,5,-0.0392914704354196,0.0114640638141976,0.0854950785973301,0.0442293529402258,0.111406583713153,0.103562970777716,0.160572000792579,13.8476058531618,13.5723274660045,14.1064971697298,14.5845921725331,0.374352492945977,0.434569476451902,0.406785154472168,0.374399378319576,0.139677796051778,0.147606924419509,0.108674256572589,0.0882322133162442,0.162451501380405,0.268440843426513,0.185618141539632,0.0895117632874841,0.990740740666667,9,1,13.8429920580451,14.2562269360799,0.38691949236442,0.348977249121712,0.136250088699901,0.0940603693972904,0.217782207785665,0.14027413887425,-0.4132348780348,0.037942243242708,0.0421897193026106,0.077508068911415,-0.426719270405378,-0.361940781177125,-0.390634904934307,-0.426664881068018,-0.854872626230878,-0.830893268755217,-0.96387332208285,-1.05437282630455,-0.789276270541147,-0.571151405323988,-0.731379579919291,-1.04811988764337,-0.412379390689543,-0.457202885083698,0.044823494394155,33.5,2,-0.032432661526191,0.060170098132326,-0.258891316567999,-1.0122647065286,0.031003539479189,0.0593747111032648,-0.023166640159227,0.178929080139029,0.476968482319386,0.223479557549332,1.14137469364312,1.13265432952916,1.14941918606361,1.16389428949513,-0.00804449242049432,25,2,36,2,1.08218754794595,-0.021123895,-0.14252709
"17","JC",2,"Double Bass",23,3.277777778,2.75,2.75,4,3,3.5,3.25,3.25,3.5,3.5,3.833333333,3.5,4,4,4,3.5,3.5,4,4,4,4.166666667,4,4.25,4.25,4.25,4,4,4.5,4.25,4,4.805555556,4.25,5,5,5,5,4.75,5,5,4.25,4.26851851866667,3.083333333,2.25,3,3.5,4,3.25,2.75,4,3,2,2.75,1.5,1.75,4.25,4.25,3,1.25,4.75,3,1,2.638888889,1,2.75,3.75,5,1.25,1,5,3,1,2.824074074,53,56,37,35,30,92,4.53333333333333,4.83333333333333,4.5,3.875,5,5,2.5,7,2,5,6,2,6,17,2,0,1,1,3,NA,NA,NA,NA,"Forgot to answer questionnaire",14,5,-0.017639596769846,-0.146699398277887,-0.0466581478165133,-0.0109619268391089,-0.00698753681656015,0.104788161519452,0.152681739441832,13.8325453046135,13.4169191725817,13.3495288630839,13.5297765539095,1.0452859031297,1.40927782375321,0.987634250655161,1.03299900929916,0.100279096633915,0.110099474501212,0.112850557133503,0.0938750111367222,0.218474279364124,0.0574401782225089,0.265437331124389,0.214241195705581,1.44444444466667,3,1,13.8441560282553,13.4409015130079,1.16402719750799,1.01869059849725,0.098667844731932,0.10354740247954,0.141002780099217,0.250948478724025,0.403254515247401,0.14533659901074,-0.004879557747608,-0.109945698624808,0.0192350934798789,0.14899661797028,-0.00540385736646366,0.0140999050083773,-0.998789587046021,-0.958214753887181,-0.94749629250639,-1.02744999846589,-0.660599684495568,-1.24078422125649,-0.576037997970475,-0.669097016476172,0.0659631277276583,0.0080422980699956,0.0579208296576627,40,2,0.057651652474539,0.37627881445405,0.4830164415296,-0.1128573813278,-0.012571460499588,0.0162244633644898,-0.046963051760265,-0.156801017483072,-0.57168720478032,0.0692352445787118,1.140902101298,1.12765280346698,1.12546593867636,1.13129062422472,0.0154361626216404,13,1,40,2,0.952804933740436,-0.043189971,0.078628347
"18","JL",1,"Violin",25,2.527777778,2.75,2.5,3.25,2.25,3,2.25,1.25,3,2.5,4.361111111,5,4.75,5,4,4.25,4.75,3.5,4,4,4.611111111,5,4.75,5,4.5,4.25,5,4.25,4.75,4,4.888888889,5,5,5,5,5,5,4,5,5,4.62037037033333,2.694444444,3.25,3.25,4,2,3,3,2,1.75,2,2.694444444,3.5,3,4,2,3,3,2,1.5,2.25,2.611111111,3.75,3,4,3,2,2.75,2,1,2,2.66666666633333,46,47,40,33,31,89,4.53333333333333,4,4.16666666666667,5.375,4.66666666666667,6,5.5,4,4,6,8,2.5,8,17,2,0,2,0,1,6,7,7,4,"",17.5,6,-0.0308319886363092,0.0226534219697318,0.237453838718761,0.161300042372258,0.00673561029453795,-0.499431523920805,-0.957110282125024,10.4434587149652,11.1499562146675,11.3767599578191,12.472641111715,2.97303268508338,2.52975171898375,2.66231590774751,2.58321785122117,0.276606960811608,0.236750779751374,0.192800899430557,0.149307856673869,0.185362097549937,0.0832814346702924,0.287508946718241,0.0693257925278541,1.953703704,1,1,10.8122051443834,12.0019397413435,2.75709867568593,2.49433160454542,0.254257029502583,0.169285973523013,0.136455681548579,0.215570362383456,-1.1897345969601,0.26276707114051,0.08497105597957,-0.079114680834877,0.473199683800741,0.403077899687099,0.425259587145938,0.412161033193706,-0.558136895072575,-0.625708581950196,-0.714890944412355,-0.825917338823319,-0.731979064731628,-1.07945180194103,-0.541348636365976,-1.15910515689606,0.440452309645497,0.396954189499773,0.043498120145724,44,2,0.31071677733587,-0.0534661322374199,-0.933301242853901,-1.3226848970475,0.083806061381051,0.087442923077505,-0.102146849168304,0.0139556421424383,0.0796533549550302,0.200208756873124,1.01884435422754,1.04727316193435,1.05601859485402,1.09595842611633,-0.0371742406264814,3,1,42,2,1.50436076580873,-0.132856599,0.062232042
"19","KC",1,"Piano",27,4.611111111,4,5,5,4.75,5,4.75,4.25,5,3.75,4.083333333,3.75,4.75,5,4,4.5,4.25,3.25,4.5,2.75,4.083333333,4,4.5,5,4,4,4.25,4,4,3,4.305555556,4.25,4.75,4.25,3.75,4,5,4.5,5,3.25,4.15740740733333,3.694444444,3,4,4.25,4.25,3.5,4.75,4.75,2,2.75,3.222222222,2.75,4,3.75,4,2.25,3.25,5,2,2,3.416666667,3,3.75,3.75,4,3.75,3.5,5,2,2,3.44444444433333,51,60,45,41,39,110,5.13333333333333,5.66666666666667,4,5.75,4,3,5.5,7,4.5,5.5,5,4,5,22,1,3,2,0,1,9,10,5,5,"",2,7,0.00483470501696544,-0.0191546423370881,0.0690845614851707,-0.12827690387812,0.0823375542329821,0.317210708960677,0.44993506875788,7.14417665043914,3.83725503466283,9.70698290773149,3.7946521971567,5.38236031225933,6.4717570347478,5.09448503853972,5.68972647074904,0.377420229957831,0.463176881105168,0.289668162720799,0.426161934801107,0.191231074006957,0.1730761059176,0.161460847431882,0.137254448004414,0.712962963,22,1,6.23412160417529,8.0532191866989,5.67326656139356,5.09744787793911,0.400401077050002,0.32644020022551,0.182202072078982,0.14975620610537,-1.81909758252361,0.57581868345445,0.073960876824492,0.032445865973612,0.730972767450066,0.811022204455729,0.707100291144513,0.75509138852166,-0.423174825094273,-0.334253126005634,-0.538099235257038,-0.370425344495385,-0.718441535840051,-0.761762884663072,-0.791932772439594,-0.862473572470066,0.753833189597243,0.707352793755884,0.0464803958413582,4.5,1,0.28787527371961,0.78203056399876,-2.56280625729235,0.0426028375061298,0.087752067237032,0.037014946304061,0.029770226575075,0.035821657913186,0.100710687806994,0.0361722184897516,0.853952184593039,0.584020664579074,0.987084264909541,0.579171976337508,-0.133132080316503,18,1,17.5,1,2.3818787410416,-0.025459638,-0.062112846
"20","KH",2,"Electric Guitar",24,4.388888889,4,4,4.5,4,4.75,5,4.75,4,4.5,4.305555556,4,4.75,4.75,3.75,4.5,4.25,4.75,4.25,3.75,4.527777778,4.25,5,4,3.5,5,4.75,5,5,4.25,4.833333333,4.75,5,5,4,5,5,5,5,4.75,4.55555555566667,2.888888889,1,4.75,4.75,2.75,1.5,3.75,5,1,1.5,2.555555556,1,4.75,4.5,1,1,3.75,5,1,1,2.388888889,1,3.5,4,1,1,4,5,1,1,2.61111111133333,56,60,44,42,41,113,5.46666666666667,6.16666666666667,5,6,5,6.5,4.5,5,6.5,6,6,2.5,14,10,1,4,2,0,2,10,10,3,10,"",8,7,-0.0591818040331922,0.0573510052126721,0.0789144933439187,0.00531711369384301,0.0766937914125538,0.0824448805035014,0.106924577801822,10.3731922023463,8.50569257820431,11.3754709808839,10.3092103209761,2.63295213908799,2.9830433401212,2.02936507501614,2.32979169526629,0.354768732129306,0.473677292608987,0.283531928991184,0.341320177681797,0.215773052019064,0.165720173614949,0.195668337046564,0.321213218524732,1.94444444433333,2,1,10.3305366343704,11.3849243638577,2.66090254571618,1.97127548545249,0.368452736420591,0.286033938138428,0.191990245209515,0.279464988735593,-1.0543877294873,0.68962706026369,0.082418798282163,-0.087474743526078,0.420442964719854,0.474659563197379,0.307360181978077,0.367317092854126,-0.450054664099908,-0.324517434210167,-0.547398027409927,-0.466838036957705,-0.666002795474272,-0.780624620389585,-0.708479445974557,-0.493206590995388,0.425028969014847,0.29474732110923,0.130281647905618,6,1,0.60358706407185,0.65325164485491,-1.0022787785376,-1.80351774277179,0.071236803138122,0.13235711492719,0.0201047149725,-0.155493044909783,-0.287418029394197,0.142320602747538,1.01591242490655,0.929709681928179,1.05596938688207,1.0132253998735,-0.0400569619755222,5,1,43,2,2.61973394529995,0.089324359,0.045698502
"21","KJ",1,"Violin",28,3.694444444,4,3.5,3.75,4,3.75,3.75,2.5,4,4,3.666666667,4,3,4,4.5,4.25,4,3.25,2.5,3.5,4.166666667,4.25,4.25,4.25,4.5,3.75,4.5,4,4,4,4.083333333,4,3.75,4,4.75,3.5,4.25,4.25,4.25,4,3.97222222233333,3.305555556,3.25,4,2.75,4,2.25,4,4,2.5,3,3.083333333,3.5,4.25,2,3.75,2,3.5,4,2.75,2,3.111111111,3.5,4.25,2,3.75,2,4,4.5,2,2,3.16666666666667,50,60,45,36,38,105,5.4,6.33333333333333,4.16666666666667,5,6,3.5,5.5,6.5,4,5.5,5,0.5,5,23,2,0,2,0,1,9,9,7,6,"",3.5,6,0.0475543262237868,-0.0428784452579903,-0.134786797103347,-0.370714349799675,0.0033044879973896,0.428343589371749,0.500340453796965,11.0413714516604,9.07113582176792,11.1844474497017,10.1275274491006,1.93855186959178,2.13737105278486,1.80550156357156,1.83957299622049,0.189745338233973,0.224622699665379,0.208391517562446,0.251923028555472,0.137981307973168,0.137689261595695,0.282022170826116,0.114719293704471,0.805555555666666,19,1,10.2874188056446,10.8432445540519,2.01954465938638,1.80126349729163,0.200682076422319,0.224333278561539,0.134829939632887,0.218765472653606,-0.555825748407299,0.21828116209475,-0.02365120213922,-0.083935533020719,0.287477425862246,0.329879923281742,0.256597868863763,0.264717025777784,-0.721828885282979,-0.648546357418853,-0.681119962679599,-0.598732131360781,-0.860179742540338,-0.861099929108276,-0.549716748811991,-0.940363535501197,0.305253461423124,0.255577248105079,0.0496762133180454,22.5,2,0.13305030602022,0.29779805656437,-0.143075998041301,-1.05639162733268,-0.018646179328473,-0.027300328890093,-0.144040862852948,0.022969967891224,0.0792636063929218,-0.0498142260580727,1.0430230205758,0.957661669666755,1.04861453331659,1.00550342894541,-0.00559151274079439,24,2,31,2,1.88718587432816,0.062641773,0.121100864
"22","LM",2,"Acoustic Guitar",22,3,3,3.25,2.75,2.5,2.5,3.25,2,3.75,4,4.388888889,4.5,4.25,5,4.75,4,4.25,4,4,4.75,4.194444444,4.75,4,4,4,4,4,4,4,5,4.333333333,5,4,4,4.75,4,4.25,4,4,5,4.30555555533333,2.444444444,2.75,2,2.75,3.75,2,2.5,2.25,2,2,3.138888889,3.5,2.5,3.25,4,3.25,3.25,3,2.25,3.25,3,3,2.5,3.5,4,2.5,2.75,3,2.25,3.5,2.861111111,48,55,32,38,35,92,4.1,4.5,3.66666666666667,3.75,4.5,4,4.5,3.5,3.5,6,16,0.857,16,6,2,0,2,0,2,10,7,6,10,"",6,5,0.14919521268162,0.080089702722739,0.0791856526281246,-0.0907354088624187,-0.0673885343184297,-0.481083494532563,-0.768021218880356,9.76241355800662,9.43931743461107,8.88914872713739,9.39538964671394,1.65012751299903,1.98152743466588,2.05099854148213,2.16161887732446,0.423745457907459,0.450312342541886,0.508968792635698,0.458848931508508,0.30661890147384,0.288407867194882,0.327152132305853,0.230031238487415,1.44444444433333,4,1,9.67720125189084,9.2736701093496,1.76578601913928,2.07407799609702,0.433676351739417,0.475463092914143,0.304360537021425,0.280839813668045,0.40353114254124,-0.30829197695774,-0.041786741174726,0.02352072335338,0.217517505457621,0.297000089610669,0.311965351530488,0.334779124369502,-0.37289494393057,-0.346486149363131,-0.293308845564241,-0.338330275271614,-0.513401076641565,-0.539992897098501,-0.485250244720203,-0.638213182323802,0.246938073908841,0.316825084086596,-0.0698870101777554,42,2,-0.4008710284831,-0.18009144265858,0.873264830869228,0.0439277878971289,-0.0852233347282391,-0.00853658896662196,-0.020533230832013,0.058376628707467,0.098220285225301,-0.00815587409151736,0.989557201410639,0.974940591215505,0.94886017257779,0.972914795922305,0.0406970288328482,11,1,38,2,2.25583696568184,-0.123885329,-0.013207896
"23","LYL",1,"Piano",29,3.361111111,2.25,3.5,3.75,4,3.5,3.25,2,4.25,3.75,3.25,2.5,3,4,4,4,2.75,2,4,3,3.055555556,2.5,2.25,4,4,4,2.25,2.25,3.5,2.75,3.416666667,3,3.25,4,4,4,3,2.75,3.75,3,3.240740741,3.138888889,3,2.5,4,4,4,2.5,2,3.25,3,3.333333333,3,2.75,4,4,4,3.25,2,3.5,3.5,3.416666667,3,3.5,4,4,4,3.5,2.5,3.25,3,3.29629629633333,46,57,43,37,41,108,3.86666666666667,3.66666666666667,3.33333333333333,4.625,3.66666666666667,2,6,4,3.5,4.5,5,0.5,5,24,1,2,2,0,1,10,7,10,5,"",3.5,6,-0.0114178184891417,0.0475984395644481,0.0484452839205806,-0.0763005523475359,0.10106460943752,-0.181444469462671,-0.400093513585439,11.4790496469784,10.7811374816323,11.7085272426444,10.9382262667763,5.06076759031885,4.18712852914769,3.69517341999952,2.80117977393497,0.123559823776012,0.136338175089868,0.12224331298765,0.151548466817113,0.084247181275503,0.0664644183456133,0.125808657177064,0.196681948306577,-0.0555555553333336,41,2,11.1911382882064,11.3572700936929,4.60449680798226,3.26049665340234,0.128492900495193,0.135507875377123,0.0760958933544948,0.169085526784584,-0.166131805486501,1.34400015457992,-0.00701497488193001,-0.0929896334300892,0.704216393313595,0.621916292308205,0.567634825296876,0.44734098184126,-0.908122719771365,-0.86538252340566,-0.912774888539673,-0.819448452936977,-1.07444462074711,-1.17741079156562,-0.900289473081005,-0.706235498294198,0.663182176235978,0.513283758780668,0.14989841745531,37,2,1.36559417031933,1.38594875521272,-0.229477595666001,-0.157088785144001,0.00131651078836201,-0.015210291727245,-0.041561475901561,-0.130217529960964,-0.471175293271422,-0.0459340704686833,1.05990593421546,1.03266458422131,1.06850227076683,1.03894690289271,-0.00859633655137837,44,2,26,2,1.73091324183485,0.050763534,0.045062973
"24","MH",1,"Classical Guitar",19,3.611111111,4,3.25,4,4,3,3.25,3,4,4,3.916666667,4,4,4,4,4,3.25,4,4,4,3.777777778,4,4,4,4,3.5,2.5,4,4,4,3.805555556,4,4,4,4,3.25,3,4,4,4,3.83333333366667,2.944444444,4,2,4,3.75,2,3.5,2.5,2.25,2.5,3.055555556,4,2,4,4,2,3.75,3,2.75,2,3,4,2,4,4,2,4,3,2,2,3,52,56,48,40,44,116,5.5,6.16666666666667,5,5.375,5.33333333333333,6.5,7,5.5,6.5,7,4,2,9,10,1,NA,1,1,3,10,10,7,9,"",5,6,0.0144154487101242,-0.0730580883446756,0.0720038516510814,0.0417852781604408,-0.101308389867857,-0.0458263893779215,0.0776362022722132,13.8990160821896,13.7408053975041,14.3997148676048,14.0368884330313,1.1207283576615,1.36575783009648,0.50840432134024,0.962135109709771,0.0919494094051817,0.110887124690787,0.0716819798841455,0.101412637770207,0.330876227844106,0.340412231638276,0.486231262383785,0.274647516959055,0.833333333666667,17.5,1,13.9401462743238,14.3060507463522,1.18075674161414,0.649943765631667,0.0949348746232972,0.0804022493174441,0.347846921144483,0.435497128261777,-0.365904472028401,0.530812975982473,0.0145326253058531,-0.087650207117294,0.0495003609762067,0.135373699069795,-0.293790766681671,-0.0167639370253184,-1.03645105590817,-0.955118877659328,-1.14459000779788,-0.99390792101976,-0.480334434070103,-0.467994843306694,-0.313157121501962,-0.56122432300656,0.0721604338908817,-0.187124217714622,0.259284651605504,26,2,0.61232403632126,0.403622720386709,-0.500698785415199,-0.2960830355272,0.0202674295210362,0.00947448692058001,-0.155355034539679,0.065764714679221,0.0932294796998662,0.0387890433604322,1.14298405743395,1.1380121890147,1.15835389260554,1.14727084809796,-0.0153698351715927,28,2,35,2,2.52263384678283,0.062712716,-0.115800255
"25","MK",2,"Voice",34,4.666666667,5,4.75,4.75,4.75,5,5,5,3.75,4,4.055555556,4.5,4.75,4.5,4.25,3.5,4.25,3.25,2.75,4.75,4.277777778,4.75,4,4.5,4.5,4.25,4.75,3.25,3.75,4.75,4.527777778,5,4.25,4.75,5,4.5,4.75,4,4,4.5,4.28703703733333,3.833333333,4.25,3.75,4,4.25,3.75,3.5,3.75,3.25,4,4.555555556,5,4.75,5,5,4.5,4.25,4.25,3.75,4.5,4.722222222,5,4.5,5,5,5,5,4.75,4,4.25,4.37037037033333,53,42,38,32,41,101,4.86666666666667,6,4.66666666666667,4.5,4,5.5,6,3,5,6.5,18,2,18,18,1,2,1,2,1,10,10,10,10,"",16,5,0.0403919496324726,-0.0499849881856457,0.0104968128108227,-0.0161328011128393,-0.0371062800014645,-0.149887247942155,-0.258698381571432,12.2740033942426,8.08645359906242,7.75906494559206,10.2635339803329,2.46461304123499,4.00387082840997,3.6948435270935,3.29303386265288,0.121258227191618,0.204078346108047,0.215055636553461,0.155465618803498,0.103692476778856,0.0719648865893803,0.14690520331596,0.100458783036864,-0.0833333329999997,42,2,11.3552911468914,9.3997280922699,2.84559950199315,3.4278813954593,0.138030851649354,0.178324760445097,0.0864094720820191,0.122650717985691,1.9555630546215,-0.58228189346615,-0.040293908795743,-0.0362412459036719,0.391748742173729,0.602480057964705,0.567596051185849,0.51759619663589,-0.916288785486884,-0.690203073993814,-0.667449170212958,-0.8083656401732,-0.98425275192294,-1.14287935468238,-0.832962821422892,-0.998012087211468,0.454173776172085,0.535025786941752,-0.0808520107696664,3,1,-1.23023048585851,0.71083696575709,4.51493844865054,-2.17708038127048,-0.093797409361843,0.048612727304549,-0.043212726537104,-0.0284938964474837,-0.144867267470915,0.118162566179386,1.08898623904736,0.907758098863176,0.889809387052286,1.01129692450828,0.199176851995075,12,1,1,1,1.08912024025362,0.132151345,-0.002367674
"26","MM",1,"Piano",20,3.305555556,4,3.5,4,3,3.5,3.75,2,3,3,3.361111111,3,3.5,3.25,3.25,4.25,2.5,4.5,3,3,3.805555556,4,4,4,4,4,4,4,2.75,3.5,3.305555556,4,3.75,3.5,3.25,2,2.5,4,3.5,3.25,3.490740741,3.833333333,4,3.75,3.75,3.75,4,3.75,4,4,3.5,3.861111111,4,4,4,4,4,3.75,4,3.75,3.25,3.888888889,4,4,4,4,4,4,4,3,4,3.861111111,39,35,35,27,31,82,4.2,4.16666666666667,4.33333333333333,3.75,4.33333333333333,4,3,5.5,5.5,4.5,4,2,4,16,1,NA,1,1,3,8,8,8,7,"2 questionnaires, answered differently, 9 6 9 6",5,6,0.0479028594223698,-0.0687166295678583,-0.0856671150797571,-0.0828998988258951,-0.160171456433373,-0.0795207692293215,-0.045109318865869,13.5921705792474,13.4142973114427,12.6044402486495,11.8743087922107,2.11069249661351,1.83422205043624,1.72859742943894,1.83333972590896,0.102134778289862,0.109733415437889,0.154102022940108,0.122496164056458,0.0455058634057249,0.0593335112377923,0.188177970667358,0.0556766643966704,-0.37037037,44,2,13.5802321460312,12.6129554683306,1.98069335372553,1.63180492722141,0.104153284119912,0.139828162925581,0.0505333288667409,0.168025138356161,0.9672766777006,0.34888842650412,-0.035674878805669,-0.11749180948942,0.324424966253383,0.263451910091752,0.237693862834302,0.263242949095752,-0.990826349514241,-0.959661103232205,-0.812191660139727,-0.91187751093371,-1.34193264112991,-1.22669995022859,-0.725431219259372,-1.2543267913126,0.296817244295099,0.21266824014398,0.0841490041511192,39,2,0.38209506717457,0.000882324527279987,0.9877303305979,1.539988519232,-0.051967244650246,-0.012762748618569,-0.142672107261633,0.0036568468411219,0.0276268410840046,-0.0477835922984952,1.13328881621127,1.12756792771569,1.10052356383075,1.07460833859454,0.0327652523805215,41,2,5,1,2.51089014696831,0.030876325,0.07209782
"27","MRT",2,"Piano",22,4.194444444,5,4,5,5,3.75,3.5,4.25,3.5,3.75,4.277777778,3.75,5,5,5,3,4.5,4.25,5,3,4.333333333,4,5,5,5,4.25,4.5,4.25,4,3,4.083333333,4.5,4.5,5,4.25,2.5,3,5,4.5,3.5,4.23148148133333,3.777777778,4,1.5,5,5,4,4.25,5,2.5,2.75,3.777777778,4.75,1.75,5,5,4.5,3.75,5,1.25,3,3.972222222,5,2.25,5,5,4.25,4.25,5,2,3,3.84259259266667,46,58,46,41,44,113,5.63333333333333,5,5.83333333333333,5.25,6.66666666666667,3.5,3.5,6,6,7,4,0.2857,4,18,2,0,2,0,1,7,10,10,7,"",2,5,0.0105216950390715,-0.00186929260436099,0.0531298207734652,0.0841008484902841,-0.0743260290903279,-0.270408189640975,-0.574775736853223,10.2902802396737,10.6697753680333,13.0349962708312,12.6690281613015,1.83809933109441,1.91226992087774,0.916160235516746,1.19345466100568,0.185807501120675,0.177278002407504,0.121736283504042,0.127303938167706,0.090287809113739,0.066585942398178,0.211287021171978,0.0596592174555669,0.388888888666666,31,2,10.491198068342,13.0969727871535,1.84211598665773,0.980880275473172,0.181436082198645,0.117938380377647,0.0782795043027495,0.147076002078229,-2.6057747188115,0.861235711184558,0.063497701820998,-0.0687964977754795,0.264368977006864,0.281549193836565,-0.0380285620146668,0.0768059249355164,-0.730936757352285,-0.751345150613024,-0.914579960988827,-0.895158161169214,-1.04437088525737,-1.17661744925781,-0.675127179741392,-1.22432244753711,0.265316971560925,-0.00838399860830108,0.273700970169226,10,1,0.921939095577664,0.71881525987206,-2.7447160311575,-1.9992527932682,0.064071217616633,0.049974064239798,-0.120999212058239,0.0069267249426111,0.0477049982793052,0.14381301055619,1.01242720225385,1.02815527627072,1.1151109112575,1.1027433015155,-0.102683709003654,15.5,1,6,1,3.58054758647686,0.035532708,0.027618519
"28","MS",2,"Acoustic guitar",30,3.333333333,3.75,3.25,3.75,4,3.5,3.25,2,3,3.5,3.388888889,3.5,4.5,2.25,2.25,3.5,2.25,4.75,3.75,3.75,4.166666667,4.25,5,2.5,3.75,5,2,5,5,5,4.25,4,5,3.25,4,5,2,5,5,5,3.93518518533333,2.888888889,2,3,3.75,4.25,2.25,4.25,4.25,1,1.25,2.916666667,2.75,3.25,3.5,4,1.5,4.25,5,1,1,2.861111111,3,3.75,3.25,4,1.5,3.25,5,1,1,2.888888889,42,52,36,34,38,97,5.3,6,3.5,5.75,5,4.5,5,3.5,4,7,10,0.4285,20,11,2,0,2,0,2,10,8,8,8,"",3,6,-0.0891076446301522,-0.0453419285187979,0.0420771627478981,0.0553684138899705,0.0478814756325792,0.162863404500749,0.365706271037482,8.99036102125548,7.26459084832092,10.78560598214,6.95253544972722,6.47515897861286,7.73724022432301,4.03636406920636,5.2498016002078,0.265397557673721,0.265825825708022,0.20968076317454,0.230652424127656,0.116228715417049,0.0874744256869713,0.366969939457614,0.152721739850771,1.04629629633333,7.5,1,8.4641370782351,9.54260558803796,6.9727651846241,4.45726957543806,0.258397726225563,0.212852929527123,0.102364201547988,0.282396191402882,-1.07846850980286,2.51549560918604,0.04554479669844,-0.180031989854894,0.811250435716489,0.888586080957161,0.605990331528313,0.720142890917749,-0.576103078056762,-0.575402828443562,-0.678441411358059,-0.637041976651934,-0.934686562078996,-1.05811890019456,-0.435369509759833,-0.816099136976326,0.843405040116846,0.649068900988753,0.194336139128093,38,2,2.4387949094065,2.48743862411521,-1.79524496088452,0.3120553985937,0.055716794499181,0.035173401580366,-0.250741224040565,-0.0652473141637997,-0.242019763218236,0.0616391482083712,0.953777131821216,0.861211159264415,1.03284455067234,0.842143211931259,-0.0790674188511215,27,2,37,2,1.54274329378581,0.046164387,-0.053629563
"29","MS01",2,"Classical Guitar",22,3.888888889,4,4,3.75,4,3.75,4,3.5,4,4,3.166666667,2.75,3.75,3.5,2.75,2.5,3,4.25,3,3,3.472222222,2.75,3.75,3.75,3.25,3.25,3.5,4,3.5,3.5,3.944444444,3.75,4,4,3.5,4,4,4.25,4,4,3.52777777766667,3.194444444,2.75,2.5,4,4,3.25,2.25,4.25,3.25,2.5,3.361111111,2.75,3,4,4,3,2.75,4.5,3,3.25,3.888888889,3.5,4,4,4,3.75,3.25,5,4,3.5,3.48148148133333,55,60,49,31,43,112,4.06666666666667,4.5,4.5,4,4.16666666666667,2.5,4,2.5,3.5,6.5,11,3.5,11,11,2,0,1,1,3,10,10,10,10,"",24.5,7,-0.220886311389719,-0.160490273228757,-0.0307079372496938,-0.120254505161478,0.207950367449508,0.590217044696412,0.717323127922188,10.0265930434362,7.1980525300724,8.91444102707671,10.7975885705682,1.57546495997163,2.01077662608714,2.38343165509379,1.16912855039365,0.202373257129743,0.26950736123754,0.193168701287337,0.149555253802471,0.295017125266393,0.28868792518534,0.279979770568666,0.217407834298178,0.0462962963333338,40,2,9.32102023715124,10.6959948529873,1.66910300812966,1.50724091056803,0.220884784479227,0.155790060483771,0.287108572062706,0.251928093356654,-1.37497461583606,0.16186209756163,0.065094723995456,0.035180478706052,0.197408748442932,0.303363828206935,0.377202703046702,0.0678622662150475,-0.693846878434714,-0.56942936813519,-0.714063240028971,-0.825198325813243,-0.530152773198696,-0.539571380771323,-0.552873346685581,-0.66272481015237,0.222483139843923,0.178182673527902,0.0443004663160209,14.5,1,-0.80796669512216,0.84164807569349,1.11215201635949,-3.5995360404958,0.00920455584240598,0.119952107435069,0.015037354697727,0.071280090887162,0.123153429381046,0.255768957678053,1.00115338827573,0.857215011730248,0.950094116275596,1.03332677516929,0.0510592720001324,39,2,15,1,2.28463552141186,0.082259697,0.054248592
"30","MZ",1,"Piano",22,3.416666667,4,2.5,4,3.5,3.25,3,2,4,4.5,4.277777778,4.75,2,4.5,5,4.5,4,5,4,4.75,4.222222222,4.75,2.5,4.75,4.5,3.5,4,5,4,5,4.138888889,4.5,2,5,4.25,3.5,4,5,4,5,4.212962963,3.305555556,3.25,4.5,3.5,4.25,2.5,2.75,4.5,2.5,2,3.361111111,3.25,4,3,4.5,2.75,3.25,4.25,3,2.25,3.305555556,3.5,4.5,3,4.25,2.25,2.75,4.25,2.75,2.5,3.32407407433333,53,63,45,37,41,119,4.83333333333333,5.5,5.16666666666667,4.375,3.83333333333333,2,4,5,3,5.5,4,5,4,12,1,1,1,1,1,9,9,7,8,"",30,7,-0.0436253781791644,0.0573872833721287,0.0785842387346417,0.0421853621709103,-0.016983452145602,0.0516306204479269,0.13833410772836,11.955979406905,6.93991753266836,10.7913724987429,8.40185334494798,3.41065508144441,4.81876260745731,3.31122123357614,4.19040104476273,0.118975268001604,0.208130863432965,0.155452432908032,0.137638731602792,0.186062496397559,0.175206788665168,0.346571024151993,0.0675894221656373,0.888888888666667,14,1,10.5849718851438,10.357183018835,3.73121622113635,3.52238413911039,0.147802607824742,0.140398958042932,0.206188769118385,0.245454475083,0.227788866308799,0.20883208202596,0.00740364978180999,-0.039265705964615,0.532837801553522,0.682935531652771,0.519988198363524,0.622255589360708,-0.924543308243963,-0.681663514095132,-0.808402476642564,-0.86125933823395,-0.730341156417774,-0.756449070412782,-0.46020775026879,-1.17012126640379,0.571850416804301,0.546836716877899,0.0250136999264017,35.5,2,0.0994338478682701,0.62836156269458,1.1646069081621,-1.46193581227962,-0.036477164906428,0.070492131830173,-0.160508527754434,0.107617366499531,0.413672195991008,0.179595824138818,1.07758515833486,0.841354309745941,1.03307668386024,0.924375096621671,0.0445084744746127,17,1,23,2,2.62625863387465,0.078309444,-0.04113134
"31","NF",2,"Jazz Piano",31,3.222222222,3.25,3.25,3.25,3.5,3.5,3.5,2.25,3,3.5,4.222222222,4.5,4.25,4.25,4.25,4.75,4.5,4.25,3.75,3.5,4.138888889,4.25,4,4,4.25,4.5,4.5,4.25,3.75,3.75,4.333333333,4,4.75,4.5,4.25,4.75,4.75,4,4,4,4.23148148133333,3.444444444,3,2.75,4,4,4.5,4.25,4,2.25,2.25,3.222222222,3,2.25,4,4,3.75,3.75,4,2.25,2,3.333333333,3.25,3.25,4,4,4,4,3.5,2,2,3.333333333,54,60,45,36,48,116,5.13333333333333,6.16666666666667,4,5.625,4.33333333333333,4.5,3.5,5,3.5,6,4,0.26,23,8,2,0,2,0,1,8,2,8,10,"Improvised flow, non-improvised non-flow",2,5,-0.181800235593534,-0.0138154687260728,0.0990327296756949,0.117737320455084,0.0384668461623279,0.191825522597198,0.292746483997915,11.4968535178355,10.0137399638454,11.9785415881141,11.8390220459888,1.27902956257353,2.18719491628211,1.0419677539521,1.49273859202332,0.147157246614848,0.185548607881993,0.1335771213645,0.150273925632053,0.127477331044034,0.0585114385946645,0.0694545533263323,0.0549201079829823,0.898148148333333,13,1,10.937075278125,11.9386802560196,1.65311087748599,1.24956379520065,0.161165877197609,0.140796025018275,0.0939718404230359,0.0620603660556774,-1.0016049778946,0.40354708228534,0.020369852179334,0.0319114743673585,0.106880582566363,0.339887487790136,0.0178542789468444,0.173983760851806,-0.832218346630288,-0.731542299689958,-0.874267919974323,-0.823116368291895,-0.894567037800928,-1.23275922395314,-1.1582992773608,-1.26026861753202,0.218301983556578,0.0967584334887625,0.121543550067816,41,2,0.23706180862143,0.69445632425879,-0.481688070278599,-1.8252820821434,0.013580125250348,0.03527468224994,0.0580227777177017,0.00359133061168219,0.027509393578883,0.0915740686019374,1.06057899802165,1.00059630947818,1.07840394503238,1.07331582928116,-0.0178249470107383,15.5,1,22,1,2.00782243025741,-0.105632375,0.046004291
"32","NT",2,"Acoustic guitar",28,4.222222222,4,4,4,4.75,4,4.25,4,4.5,4.5,3.75,3.5,4,4,4,3.5,4,3.25,4.5,3,3.722222222,3.75,4,4,4,3.5,3.75,3.25,4.25,3,3.527777778,3.5,3.75,4,4,3,3.5,3,4,3,3.66666666666667,3.583333333,3.25,3.5,4,4,3.75,3.75,3.75,3.25,3,3.388888889,3.25,2.75,4,4,2.5,3.75,4,3.25,3,3.361111111,3,3,4,4,3.25,3.5,4,2.5,3,3.44444444433333,42,60,34,38,43,101,5.86666666666667,6,5.83333333333333,6,5.83333333333333,4,5.5,6,6,5.5,16,0.571,16,12,2,0,2,0,2,7,8,5,8,"Own compositions",4,5,0.361141589861776,-0.324724597097462,-0.40765614635143,-0.154750569593003,-0.304848321691171,-0.17945784816541,-0.219426029736518,12.0319623464653,10.8074621888906,9.86100287566207,11.2932259560341,1.24252609423836,1.09315714849065,0.998288137332402,0.863422288325461,0.176491441043721,0.176645832327354,0.189630625670282,0.160772761589614,0.115470361952421,0.0799257052020417,0.186750297226767,0.0879150172910342,0.222222222333333,37,2,11.7154668427054,10.8192879333084,1.16401544609943,0.894676470140045,0.170894311661964,0.170165457917039,0.0970959535780603,0.141040546767133,0.896178909396999,0.269338975959385,0.000728853744925012,-0.0439445931890727,0.0943055181013302,0.0386825991102641,-0.000744089581769152,-0.0637767446862117,-0.753276350885858,-0.752896604583986,-0.722091522032137,-0.793787528307448,-0.937529472847799,-1.09731352316382,-0.728738698300558,-1.0559369341461,0.0659587432960361,-0.0483339843876873,0.114292727683723,9,1,0.244237956905958,0.229734860165189,2.17095947080323,-0.485763767143499,-0.013139184626561,0.01587307073774,-0.071279935274346,-0.00798931208899249,-0.0413765890177182,0.0408909237234614,1.08033646414285,1.03372372478076,0.993921085450104,1.05281801763645,0.0864153786927478,36,2,17.5,1,2.42557485581437,0.127036383,-0.037653454
"33","OJ",1,"Violin",22,3.777777778,4.25,4,3.25,3,4.25,3.5,3.25,4,4.5,3.805555556,4,3.75,3.5,3.75,3.75,3.75,3.75,4,4,2.888888889,3,2.5,2.25,2.75,2.25,2.75,4,3.5,3,3.555555556,4,3.75,3,3.75,3,3.25,4,3.75,3.5,3.416666667,3.305555556,3.5,2.75,3,3.25,3.5,4,4.5,2.75,2.5,3.194444444,4,3,3,3.25,2.25,4,4,2.75,2.5,2.833333333,3,3.25,2.5,3,2,2.25,4,3.5,2,3.111111111,46,56,44,37,33,101,4.9,5.33333333333333,4,5,4.83333333333333,5,3.5,7,4.5,4.5,4,2.5,4,18,1,5,1,2,1,9,10,8,8,"",17.5,6,0.0984134221488469,0.0478806797238247,0.096515568092161,0.143365735697323,-0.049541151385825,-0.273432009542982,-0.416921428124645,13.5786214787509,7.38106804894646,13.4831349014389,7.79052159903684,0.375097761777292,1.90959763044087,0.303679868381623,2.31028262157002,0.12969949043257,0.467683393695397,0.139547943136425,0.432672158348302,0.238190907472188,0.178411949889455,0.270650441642632,0.0995044218544536,0.305555556,35,2,13.2505670863948,13.194547817131,0.554316790865154,0.531648257273616,0.153736379244621,0.159893744748271,0.221583517531202,0.237412100843436,0.0560192692638015,0.022668533591538,-0.00615736550365001,-0.015828583312234,-0.425855527293349,0.280941867096785,-0.517583997481026,0.363665111268959,-0.887061730182363,-0.330048050562937,-0.855276560401319,-0.363841049947389,-0.623074820980967,-0.748576060289254,-0.567591259898242,-1.00215761931137,-0.256241965950859,-0.274375605388353,0.0181336394374944,19,1,0.071417893395669,-0.40068499112915,0.0954865773120002,-0.40945355009038,-0.00984845270385498,0.035011235347095,-0.032459534170444,0.0789075280350014,0.25358155902212,0.0337929993844516,1.13285568197981,0.868119209275966,1.12979087974451,0.891566535978077,0.00306480223530237,42,2,32,2,2.16233535157671,0.014084361,-0.011804034
"34","PS",1,"Horn",26,3.805555556,4,4,4.25,4,3.75,4,2,3.75,4.5,3.888888889,4,4,4,4,4,4,3,4,4,4,4,4,4,4,4,4,4,4,4,4.305555556,4,4,4,5,4.75,4,4,4,5,4.064814815,3.416666667,3.75,3.25,4,4,3.25,3.5,2,3,4,3.583333333,4,3.5,4,4,3,3.75,3,3,4,3.527777778,4,3,4,4,3,3.75,4,3,3,3.50925925933333,42,50,44,32,33,95,4.8,4.5,3.5,6,5,4.5,4.5,5.5,3.5,5.5,8,2,11,15,1,2,2,0,1,9,10,8,7,"",14,6,0.0890803030545053,-0.0587956747890444,-0.0211318954628516,-0.00879116847505986,-0.0324505417225109,0.00381839841683274,0.0492571146029612,5.3841619091894,3.89247792784548,6.62702548563432,7.32680911494866,2.35996646584005,1.31636047253303,1.46417993232684,1.13684521875066,0.199717232856184,0.20566931002982,0.158317803487047,0.163731246851337,0.101336165279405,0.042241070525419,0.196556483418561,0.0435655101966695,0.555555555666666,26,2,4.70762824945291,7.74171029122941,1.84268266854804,1.26292593684403,0.202978990803593,0.152959453481395,0.0742301195808314,0.146167584040411,-3.0340820417765,0.57975673170401,0.050019537322198,-0.0719374644595796,0.372905831866677,0.119374832891157,0.165594450229853,0.055701339605658,-0.699584459859143,-0.686830508884214,-0.800470244193729,-0.785868430911009,-0.99423553412374,-1.37426508390723,-0.706512626397612,-1.36085719556768,0.265450551082047,0.101377882492716,0.164072668589331,17,1,0.89578653351321,0.17951525378237,-1.24286357644492,-3.43433118710318,0.041399429369137,0.041938063178483,-0.095220318139156,-0.0013244396712505,-0.0134078883395445,0.0990379220267948,0.731118111247544,0.590226158596076,0.821318640765999,0.864914877030426,-0.0902005295184546,20,1,13,1,2.0502406397474,0.204574671,-0.06218453
"35","RC",2,"Acoustic Guitar",24,3.555555556,4,3,3.75,4,3.5,3.75,2,4,4,3.333333333,3.5,4,3.75,3.75,3.25,3.5,2.75,2.5,3,3.805555556,3.5,4,4,3.75,3.75,3.75,3.75,4,3.75,3.944444444,4,4,4,4,3.5,4,4,4,4,3.69444444433333,2.722222222,2.75,2.25,2.25,2.5,3.25,2.25,3,3.75,2.5,2.638888889,2.25,2.25,2,3.5,2.5,2.25,4,2.75,2.25,2.472222222,2,2,2,3.25,2.5,2.5,4,2,2,2.611111111,53,54,32,37,34,100,5.33333333333333,5.66666666666667,5,5.75,4.66666666666667,3,5.5,5,6,6,15,2,15,9,2,0,2,0,2,7,7,5,3,"",14,6,0.0602185495251104,0.0179552676112871,-0.00623817670510922,0.234017534193602,-0.120611855659482,-0.460590405664016,-0.805783315682617,8.71799528472108,9.30172392750803,10.804090754366,8.90974482462402,2.12258298519529,2.21376813153905,1.20286308721424,1.79097605712987,0.335797268139026,0.288757758620714,0.267723926091642,0.353796901350014,0.118167322623328,0.178933147410271,0.207810963122056,0.289118589977069,1.08333333333333,6,1,9.14372972615294,10.1597571456466,2.13649252305785,1.43530651492094,0.306844776183156,0.300912856348487,0.156216344283116,0.237519483923131,-1.01602741949366,0.70118600813691,0.00593191983466895,-0.081303139640015,0.326864678566341,0.345132131237142,0.0802161977046026,0.253089779971933,-0.473922841363463,-0.539466337901894,-0.572312814822604,-0.451245975079443,-0.927502604389003,-0.747309198818425,-0.682331544854773,-0.5389239828195,0.329701377284084,0.156944656138921,0.172756721145163,29,2,0.91971989798105,0.42279207440918,-2.08609546964492,0.39197910288401,0.068073342047384,-0.0650391427293,-0.089643640498728,-0.110185442566798,-0.208385215998924,-0.0882203628224518,0.940416629786027,0.96856344563141,1.03358822360453,0.949865266007172,-0.0931715938185029,34,2,44,2,1.40837232670684,-0.040906799,0.021341176
"36","RN",2,"Horn",23,3.916666667,4,4,3.75,4,4,3.75,4,3.75,4,4.694444444,4,4.75,5,5,5,4.5,5,4,5,4.75,4.75,4.75,5,5,4.75,4.5,5,4,5,4.5,4,5,5,5,4.25,4.5,5,3.5,4.25,4.648148148,3.805555556,4,5,4.5,4.5,3.25,4,4.25,2.25,2.5,4,4,4.75,4.5,5,3.5,4.25,4,3,3,4.111111111,4,5,5,5,3.5,4.75,5,2.25,2.5,3.97222222233333,48,58,46,32,43,108,5.06666666666667,5.83333333333333,4.66666666666667,5.25,4.33333333333333,4,4.5,3.5,6,6,9,1.5,13,10,1,2,2,0,2,9,9,7,10,"",4.5,6,-0.125829993680189,0.144896343291573,0.017016287665013,0.0264499419702261,0.0332897278649926,-0.121584749899697,-0.278829352143472,12.408121512303,9.91464800593718,7.47831863518625,12.8908726475921,1.68940205868149,2.14271111740712,2.25594770251695,1.38024143090221,0.161743362752749,0.231967392487007,0.364705077954534,0.151345997704687,0.0670165712165458,0.0642670218796317,0.0907444132362701,0.0399002549525097,0.675925925666667,24.5,2,11.6773582778309,11.7506092687498,1.83630677489273,1.65317371428512,0.183087602257674,0.205777301577945,0.0655794684258332,0.0607302690205407,-0.0732509909189005,0.18313306060761,-0.022689699320271,0.00484919940529251,0.227733019072071,0.330963622944321,0.353329027593412,0.139955059544516,-0.791173531858634,-0.63457305932563,-0.438058189764693,-0.82002905933081,-1.17381779583567,-1.19201182473888,-1.04218010321027,-1.39902432927279,0.263945236513192,0.218318491315888,0.0456267451973036,12,1,-0.56654564383546,0.76246968650491,4.92980287711675,-2.97622464165492,-0.202961715201785,0.08062139478232,-0.0237278420197243,0.024366766927122,0.207012504533908,0.185456000005181,1.09370603785715,0.996277300307058,0.873803965572817,1.11028231791243,0.219902072284334,2,1,3,1,1.75181161525488,0.055590282,-0.09089863
"37","RS",1,"Piano (pop)",23,4.861111111,5,4.75,4,5,5,5,5,5,5,4.444444444,4,4,4,5,4.75,4,5,5,4.25,4.694444444,4,4.75,4.25,5,5,4.5,5,5,4.75,4.333333333,4,4,4,5,4.25,4,5,4.5,4.25,4.49074074033333,3.694444444,4,3.25,3,5,4,3.25,5,2,3.75,3.277777778,4,2.5,3,5,2.25,3,5,2,2.75,3.666666667,4,3.25,3,5,3,3.25,5,3,3.5,3.54629629633333,52,58,40,39,40,106,4.96666666666667,6.16666666666667,4.16666666666667,5.125,4.66666666666667,4,6,4,6,5.5,4,0.357,4,20,2,0,2,0,2,9,8,8,7,"",2.5,3,-0.0630682723286356,0.0229025354102235,0.203349451435658,0.184070425569123,0.195688558467301,0.02884197931131,-0.0218410986855728,11.8085595664017,12.5982452050137,13.9981149696038,13.5356308805962,2.69080547887365,2.35952549534983,1.45611473578769,1.7936013264426,0.31024020723083,0.237661656975886,0.193087584217737,0.187936784569871,0.168485302459575,0.101770093561697,0.117334263126655,0.0845692792749417,0.944444444000001,12,1,12.3777822029508,14.0445447697624,2.50191586026358,1.49548085425555,0.26200402716531,0.171039743074713,0.131901038917782,0.0963182086964139,-1.6667625668116,1.00643500600803,0.090964284090597,0.0355828302213681,0.429882303298772,0.37282467438078,0.163195596924996,0.253725916429806,-0.508301918170038,-0.624040879302548,-0.714245651021648,-0.72598820780688,-0.773437978110767,-0.992379826216506,-0.930575149742875,-1.07278737058231,0.398272700226436,0.174780857391147,0.223491842835288,1.5,1,1.23469074308596,0.56592416890723,-2.1895554032021,-0.937385675582499,0.117152623013093,0.049724872406015,0.05115103933292,0.0172008142867553,0.0804075443658079,0.101947328504331,1.0721969246655,1.10031005695464,1.14606955614835,1.13147850255768,-0.0738726314828557,7,1,11,1,2.43096382323935,0.062924608,-0.040167066
"38","RT",1,"Piano",22,2.972222222,3,3,3.25,3.75,3,3,2,2.75,3,3.444444444,3,3,3.5,3.5,4,3.75,3,4,3.25,3.888888889,4,4,4,4,4,4,3,4,4,4.722222222,4.75,4.5,4.5,5,5,4.75,4,5,5,4.01851851833333,2.361111111,2,2,2.5,3,2.25,2.5,2,2.75,2.25,2.916666667,3,2.25,3,4,3,3,2,3,3,3.083333333,3,3,3.75,4,3,3,2,3,3,2.787037037,44,47,41,34,31,85,4.76666666666667,4.5,4.66666666666667,5.5,4.5,3,5,4,3.5,4.5,5,4.5,5,17,1,1,1,1,3,9,9,6,7,"",31.5,7,0.0563038883634905,0.0191510791966658,0.00134943411591499,-0.0942403080552118,-0.0919490468641713,-0.332206118376681,-0.610352277321544,9.96925415583575,6.18426554905385,7.37841501724711,7.24259410885376,0.919036226897945,1.19472533130054,1.55442276751965,1.10297971657001,0.262177817016098,0.314327043082161,0.322186220354739,0.296593079998929,0.267334177706002,0.2378742143009,0.329600031114548,0.274003677804204,1.23148148133333,5,1,8.6778185703718,7.51034832850825,1.03049046802753,1.32232927594218,0.2777572652063,0.304007702195149,0.253129055667923,0.30073585662309,1.16747024186355,-0.29183880791465,-0.026250436988849,-0.047606800955167,-0.0366673691016117,0.0772680719690136,0.19156914871868,0.0425675259826064,-0.581404056944392,-0.502618252911416,-0.491893037944958,-0.527838985989158,-0.572945514717999,-0.623652633178269,-0.482012755977119,-0.562243607838912,0.0130439789369772,0.121339613181794,-0.108295634244817,43,2,-0.635386540621705,0.09174561473053,2.59083913858864,-1.05832855979991,-0.060008403338641,0.017733963083232,-0.062265853408546,-0.036129463503304,-0.0614090253393565,0.0252207330777418,0.998662668028668,0.791288129683344,0.867963079547766,0.859894147050166,0.130699588480902,23,2,41,2,2.51135434339688,0.007389896,0.151914979
"39","SNPH",2,"Piano",23,4.611111111,5,5,5,5,4,4.25,4.75,4.5,4,4.722222222,5,5,5,5,5,5,4.25,4.25,4,4.694444444,5,5,5,5,5,5,4.5,4.25,3.5,4.416666667,5,4.5,5,5,4.75,4.5,5,3.75,2.25,4.611111111,3.666666667,3.75,3.25,4,4,4.25,3.5,4.25,3,3,3.694444444,4,3.75,4,4,4,3.5,4,3,3,3.861111111,4,4,4,4,4.5,4.25,4,3,3,3.74074074066667,52,60,46,24,39,104,4.73333333333333,6.16666666666667,4.16666666666667,3.875,4.33333333333333,5,4,4.5,3.5,5.5,3,4,4,19,1,1,1,1,3,8,10,6,6,"",4,7,0.15634218615682,0.259505896155472,0.243701972721765,0.127952309902874,0.0369644270442662,-0.356735136717024,-0.454602210816218,13.3346203065695,12.199577491654,13.0879972568796,9.53347223202324,0.515510034841925,1.20623670577488,0.511032048264051,1.46096475216067,0.185345490252348,0.248631511379351,0.204469164399664,0.377703652399818,0.40287217973312,0.53888291016263,0.774366813218678,0.769789102419447,0.870370370333333,15.5,1,12.8641325519722,12.1862098567723,0.77472316742274,0.838162309920846,0.210931062761797,0.250602912075286,0.475812295941398,0.774417965964186,0.6779226951999,-0.063439142498106,-0.039671849313489,-0.298605670022788,-0.287762876386172,0.0814325399141894,-0.291551863176849,0.164639738092557,-0.732017976574516,-0.604443830035061,-0.689372177831759,-0.422848815518206,-0.394832721704569,-0.268505589162843,-0.111053267715209,-0.113628241322228,-0.110853456640202,-0.0766718722082364,-0.0341815844319657,4.5,1,0.00447798657787402,-0.25472804638579,0.2466230496899,2.66610525963076,-0.019123674147316,-0.129072141020467,-0.371494633485558,-0.230906192256817,-0.154877347840615,-0.181595014516854,1.12498065398845,1.08634479000092,1.11687319530324,0.979251105943835,0.00810745868520613,4,1,8,1,1.25781947224609,0.017072993,-0.172974911
"40","SS01",1,"Piano",22,3.805555556,4,3.75,4,5,3,4,4,2.25,4.25,4.333333333,4.25,4.5,4.5,5,5,4.25,3.75,2.75,5,4.555555556,4.75,4.75,5,5,4,5,5,2.5,5,4.666666667,5,5,5,5,5,5,5,2,5,4.51851851866667,3.555555556,4,2.75,4,4.75,5,2.75,4,1.25,3.5,3.805555556,4,3.75,4,5,4.75,3.5,4,1.25,4,3.277777778,4,3.25,3.75,4,3,3.25,4,1.25,3,3.54629629666667,38,56,42,33,34,99,5.63333333333333,6.5,5.5,5.5,4.5,5.5,5.5,7,7,6.5,4,0.2142,7,15,2,0,2,0,1,10,10,10,7,"",1.5,5,-0.105044012932952,0.077712285818609,0.305362148837707,0.277720563043884,0.0949186765434465,0.0148377698902921,0.00217781567232782,8.58443641130941,8.54538234539114,11.1509997035867,7.99722188891018,2.38852841586192,2.04486253473466,2.19666864963387,2.51739915225748,0.263037511842809,0.197409647887568,0.153996509426084,0.202202158009761,0.222488822213618,0.138982209790482,0.0724350058642989,0.0560760680004924,0.972222222,11,1,8.55635123795695,10.0042245176814,2.20385060395905,2.29142304172809,0.232904083422279,0.171071309340356,0.188074618303728,0.0649181425481284,-1.44787327972445,-0.0875724377690399,0.061832774081923,0.1231564757556,0.378130412367801,0.310664118009465,0.341764551918957,0.40095208161082,-0.579982312253064,-0.704631626124625,-0.812489123021789,-0.694214213696898,-0.652691802988159,-0.857040787402697,-1.14005150038372,-1.25122244628171,0.343182150944139,0.360105275888431,-0.0169231249442919,17,1,0.19185976622805,-0.47253661752282,-2.56656329227729,0.54816045648096,0.109041002416725,-0.00479251012219298,0.150053816349319,0.0829061417899896,0.394181658879015,-0.0104174124277274,0.933711787966025,0.931731499096394,1.04731380427107,0.902939146010062,-0.113602016305048,6,1,10,1,1.67399666850358,0.006720626,-0.034463692
"41","SWS",1,"Piano",23,3.722222222,3.25,3.75,3.75,4,4,3,4,3.75,4,3.916666667,4,4.25,4.25,3.5,4,3.25,4,4,4,4.083333333,4,4.25,4.25,4.25,4,4,4,4,4,5,5,5,5,5,5,5,5,5,5,4.33333333333333,2.972222222,2,2.5,3,4,3.5,2,4,2.5,3.25,3.333333333,2,2.5,4,4,3.5,2,4,4,4,3.555555556,2.5,3.25,4,4,3.75,2.5,4,4,4,3.287037037,40,50,44,36,31,94,5.2,5.66666666666667,3.83333333333333,5.75,4.83333333333333,5.5,4.5,6.5,3.5,5,3,0.571,3,20,1,2,1,2,1,9,8,9,5,"",4,6,0.431837242073263,0.0484966563302436,0.0111899041054368,-0.091397777750938,-0.171735844363006,-0.315277329406523,-0.467823148309416,9.75796112758536,12.667643022704,11.3078839669339,10.0665053992762,2.73017107624084,1.34675641124283,2.72450190565098,1.9002050787144,0.305313267180911,0.146468036939724,0.186648240061593,0.223797663344919,0.157497600919043,0.0838455064626899,0.109860885797953,0.100192810418455,1.04629629633333,7.5,1,11.7937586240916,10.9334504282857,1.873730446132,2.33236261172602,0.196604566040368,0.196530165691002,0.119736288014743,0.10550584548018,0.860308195805899,-0.45863216559402,7.44003493659828e-05,0.014230442534563,0.436189861377585,0.129289051684676,0.43528711600721,0.278800474504262,-0.515254323319192,-0.834257139099824,-0.728976100755851,-0.650144452221009,-0.802726057211248,-1.07652020760472,-0.959156903625126,-0.999163441219443,0.272707113671528,0.367796070970915,-0.0950889572993863,21,1,0.00566917058986016,-0.55344866747157,-1.54992283934854,2.6011376234278,0.118665027119318,-0.077329626405195,0.04763671512109,-0.0163473039557651,-0.0773567663852744,-0.184112686878816,0.989359083697461,1.102695816347,1.05338134343449,1.00287873081046,-0.0640222597370297,10,1,27,2,1.76095793347985,0.027387548,0.014802039
"42","TG",2,"Violin",28,3.75,4,3,4.75,4.5,3.75,3.5,2,4,4.25,3.694444444,4,2.5,4.75,4.25,3.25,3.5,4,3,4,3.75,4,3,4.5,4.25,3.25,3.75,4,3,4,3.722222222,4,3.25,4.75,4,3,3.5,4,3,4,3.722222222,3.194444444,2.5,2,4,4,3,2.5,4,3,3.75,3.555555556,3.75,2,4,4,3.5,3.75,4,3,4,3.166666667,2.5,2,4,4,3.25,2.75,4,3,3,3.30555555566667,51,55,44,40,35,103,5.3,5.33333333333333,4.5,5.75,5.33333333333333,5,6,5.5,6,5.5,4,4.5,6,22,2,0,1,2,1,8,9,5,6,"",31.5,7,0.0246118403883523,-0.0323331528020009,0.117597953873779,0.00186453649895308,-0.0743226953170874,0.0299830183895226,0.130524268017768,12.3976994339457,11.1370266749653,13.8134085581514,13.19958124403,1.0956132563132,2.0905802964443,0.840067663123728,1.41342005549513,0.206398867347292,0.295463857016988,0.116587780812316,0.144018923220007,0.253388211409205,0.185972881174583,0.203569942906858,0.221186683112332,0.416666666333334,30,2,11.8918879936173,13.6541709729018,1.53355650532701,0.993575931160632,0.244531563757012,0.117663594547417,0.223415497401971,0.207050557522752,-1.7622829792845,0.539980574166378,0.126867969209595,0.016364939879219,0.0396572783362537,0.320266852887614,-0.0756857323455024,0.150271249373689,-0.685292690311157,-0.529495637145168,-0.933346964189913,-0.841580440473563,-0.59621359402647,-0.730550380593387,-0.69128634516303,-0.655241023953812,0.185699782600613,-0.00279893758892317,0.188498720189537,20,1,0.255545593189472,0.67716024094917,-1.4157091242057,-2.0625545690647,0.089811086534976,0.151444933796981,0.049818268502347,-0.035213801937749,-0.0753093566395755,0.312084803328396,1.09334110323985,1.04676925986703,1.14030085709723,1.12056015345647,-0.0469597538573725,33,2,25,2,2.32871348758883,0.031200777,-0.002561389
"43","TL",2,"Piano",22,4.277777778,3.75,4,5,4.75,4,4,5,4,4,4.527777778,4,4.5,5,5,5,4.5,5,4,3.75,3.361111111,3,2.75,4.75,5,3.25,3,2.5,4,2,4.25,4,4,4.5,5,4,4,4.75,4,4,4.04629629633333,3.722222222,3,3.75,3.75,4,4,4,4,3.75,3.25,4.027777778,3.25,4,4.25,5,4.75,4,5,3,3,3.916666667,3.25,4,5,5,4,4,5,2,3,3.888888889,36,50,29,35,30,78,4.7,5.33333333333333,4,4.375,5,4.5,4.5,6,4,6,14,0.1,14,8,2,0,2,0,2,8,9,6,7,"",1,2,0.011274259962517,0.0622385517129692,-0.0860007827404885,-0.0461994464290274,0.0434098259492308,0.111467245179848,0.0398310006086432,12.8117394904882,12.0216610127452,10.9920093772906,11.7438976217552,1.23272704452619,1.23927281685909,1.42894315942348,1.18753266380715,0.192427486471262,0.196208460587096,0.285899101508814,0.259347701283708,0.617026786647552,0.993100304903376,0.693324595341605,0.955471135637375,0.157407407333334,38,2,12.728413155764,11.5332868818645,1.09560641887522,1.30205944776239,0.18375952835126,0.265692840331249,0.834844165815462,0.874883214933923,1.1951262738995,-0.20645302888717,-0.081933311979989,-0.040039049118461,0.0908669239767073,0.0931669236593146,0.155014953745697,0.0746455639946794,-0.715732892952078,-0.707282269600985,-0.54378720949118,-0.586117597002285,-0.20969598176789,-0.00300688477142966,-0.159063393149455,-0.0197824282560199,0.0396545680086506,0.114630813145982,-0.0749762451373318,7.5,1,-0.19621611489729,0.0517401530519401,1.8197301131976,0.27776339099,-0.093471615037552,-0.063139240696612,-0.076297808694053,0.037629169266001,0.0167755434845903,-0.1211646725987,1.10760809928669,1.07996447755292,1.04107709021255,1.06981225659613,0.0665310090741391,21,1,4,1,2.214687992562,-0.035387564,-0.057095548
"44","WPL",2,"Guitar/voice",36,3.583333333,4,3.75,3.75,3.75,3.5,3.25,3.5,3,3.75,4.166666667,4,4,4,4,4.5,4,4,4,5,4.194444444,4,4.25,4.25,3.75,4.25,4,4,4.25,5,4,4,4.25,4,3.75,4,4,4,4,4,4.12037037033333,2.944444444,3,3.5,3.25,2.25,3,3.5,3.5,2.25,2.25,3.333333333,3.5,4,4,3.25,4,3.5,2.75,2.25,2.75,3.583333333,3.75,4,3.75,3,4,3.75,4,3,3,3.28703703666667,47,49,41,34,36,96,5.16666666666667,5.83333333333333,4.83333333333333,5.25,4.66666666666667,5.5,6.5,4.5,5,7,7,1.5,7,29,2,0,2,0,1,9,9,3,8,"",10.5,5,0.0978711572891723,-0.0972861446064056,-0.164398118606818,-0.296546861913261,-0.327905674528641,-0.25494699320749,-0.341712170358624,13.7538999762443,14.2055489190439,14.2080938199385,12.3844726245126,1.24851436780791,0.729469095152006,1.31266282408991,1.88217353675146,0.146874854137566,0.100293186436703,0.0947271056391477,0.199232668457371,0.182170432762498,0.251267477960571,0.1074328961458,0.453577076634135,0.833333333666666,17.5,1,14.1379462799161,13.4842412790431,0.867695906285603,1.37188639492159,0.107265080673899,0.135420576294773,0.217965155595446,0.409125133794461,0.653705000873,-0.504190488635987,-0.028155495620874,-0.191159978199015,0.096393544543825,-0.136993102796245,0.118153185767817,0.2746596629696,-0.83305255168483,-0.998728570403858,-1.02352573224142,-0.700639448203917,-0.739522109965152,-0.599863719351246,-0.968862716522124,-0.343348902401896,-0.0616324515072429,0.137318149197671,-0.198950600704914,27,2,-0.0641484562820001,-1.15270444159945,-0.454193843694199,1.8210762945313,0.0521477484984183,-0.098939482020668,0.074737536616698,-0.202309598673564,-0.25651481694935,-0.298089122199941,1.13842586165766,1.1524580200305,1.15253581620952,1.09287751749104,-0.0141099545518553,19,1,28,2,1.63283278946591,-0.07594099,0.084207657
